English name,Finnish name
activity centre,toimintakeskus
aerobics dance,aerobic
air person 1a,lent�j� 1a
air person 1b,lent�j� 1b
air person 2a,Lent�j� 2a
air person 2b,lent�j� 2b
air steward 1a,lentoem�nt� 1a
air steward 1b,lentoem�nt� 1b
air steward 2a,lentoem�nt� 2a
air steward 2b,lentoem�nt� 2b
ant,muurahainen
ant eater,muurahaiskarhu
antelope,antilooppi
archery,jousiammunta
archery target,Jousiammunta maali
badger,m�yr�
badger 2,M�yr� 2
badminton,sulkapallo
badminton racket,tennismaila
baker 1a,leipuri 1a
baker 1b,leipuri 1b
baker 2a,leipuri 2a
baker 2b,leipuri 2b
bank,pankki
bank card,pankkikortti
bank card,luottokortti
basketball,koripallo
bat,maila
beach,ranta
beach towel,rantapyyhe
bear,karhu
bee bumble,kimalainen
bee honey,ampiainen
beetle,koppa kuoriainen
big wheel,maailmanpy�r�
blinds,s�lekaihtimet
bow and arrow,jousi ja nuoli
bowling,keilailu
bread,leip�
bunk beds,kerross�nky
butterfly,perhonen
camel,kameli
car,auto
car mechanic 1a,automekaanikko
car mechanic 1b,automekaanikko
car mechanic 2a,automekaanikko
car mechanic 2b,automekaanikko
care assistant 1a,avustaja
care assistant 1b,avustaja
care assistant 2a,avustaja
care assistant 2b,avustaja
care assistant 3a,avustaja
care assistant 3b,avustaja
care assistant 4a,avustaja
care assistant 4b,avustaja
care assistant 5a,avustaja
care assistant 5b,avustaja
care assistant 6a,avustaja
care assistant 6b,avustaja
caretaker 1a,ohjaaja
caretaker 1b,ohjaaja
caretaker 2a,ohjaaja
caretaker 2b,ohjaaja
carpenter 1a,puusepp�
carpenter 1b,puusepp�
carpenter 2a,puusepp�
carpenter 2b,puusepp�
cash point,Raha-automaatti
caterpillar,toukka
ceiling,katto
ceiling light,kattolamppu
centipede,tuhatjalkainen
chair,tuoli
cheetah,gebardi
cheque book,sekkivihko
chest of drawers,lipasto
chewy tube,purulelu
chimpanzee,simpanssi
chip and pin device,maksup��te
cleaner 1a,siivooja
cleaner 1b,siivooja
cleaner 2a,siivooja
cleaner 2b,siivooja
climbing rock,vuorikiipeilij�
climbing rock,vuorikiipeily
climbing wall,sein�kiipeilij�
climbing wall,kiipeilysein�
cloudy,pilvinen
communication aid,kommunikointilaite
communication aid 2,kommunikointilaite
communication aid chat 2,kommunikointilaite
communication aid gotalk 9p,kommunikointilaite gotalk
communication aid listen to me,kommunikointilaite
communication aid scan4,kommunikointilaite
communication aid techspeak 32,kommunikointilaite techspeak
communication book portable,kommunikointikansio
cook chef 1a,kokki
cook chef 1b,kokki
cook chef 2a,kokki
cook chef 2b,kokki
cook school 1a,koulun kokki
cook school 1b,koulun kokki
cot,pinnas�nky
crab,rapu
crane fly,vaaksiainen
crane fly,hyttynen
cricket,hein�sirkka
crocodile,krokotiili
crocodile 2,krokotiili
cruiser,vene
cup non spill,nokkamuki
cupboard,kaappi
curtains,verhot
cycle helmet,py�r�ilykyp�r�
"cycling cycle , to",py�r�ill�
darts,tikat
deer,peura
delivery person 1a,postin jakaja
delivery person 1b,varastomies
delivery person 2a,varastomies
delivery person 2b,varastomies
delivery trolley,nokkak�rryt
dentist 1a,hammasl��k�ri
dentist 1b,hammasl��k�ri
dentist 2a,hammasl��k�ri
dentist 2b,hammasl��k�ri
desk,p�yt�
dinner lady 1a,keitt�j�
dinner lady 1b,keitt�j�
disabled sign,Invalidi-merkki
disabled toilet,Inva-vessa
"diving 2 dive , to",sukeltaa
doctor 1a,l��k�ri
doctor 1b,l��k�ri
doctor 2a,l��k�ri
doctor 2b,l��k�ri
dolphin,delfiini
door,ovi
dragonfly,sudenkorento
drawer,lipasto
dresser,lipasto
dressing table,kampausp�yt�
dysphagia cup,dysfagia-muki
dysphagia cup 2,dysfagia-muki
dysphagia cup 3,dysfagia-muki
earthworm,kastemato
earwig,pihtih�nt�inen
elephant,elefantti
escalator,liukuportaat
farmer 1a,viljelij�
farmer 1b,viljelij�
farmer 2a,viljelij�
farmer 2b,viljelij�
fat,lihava
fibre optic lamp,valokuitulamppu
fire helmet,palokyp�r�
fire hose,vesiletku
fireplace,takka
"fishing fish , to",kalastaa
flamingo,flamingo
floor,lattia
florist 1a,floristi
florist 1b,floristi
florist 2a,floristi
florist 2b,floristi
fly,k�rp�nen
football kit Arsenal,peliasu Arsenal
football kit Aston Villa,peliasu Aston Villa
football kit Barnsley,peliasu Barnsley
football kit Birmingham,peliasu Birmingham
football kit Blackburn Rovers,peliasu Blackburn Rovers
football kit Blackpool,peliasu Blackpool
football kit blank,peliasu
football kit Bolton Wanderers,peliasu Bolton Wanderers
football kit Bristol City,peliasu Bristol City
football kit Burnley,peliasu Burnley
football kit Cardiff,peliasu Cardiff
football kit Chelsea,peliasu Chelsea
football kit Coventry,peliasu Coventry
football kit Crystal Palace,peliasu Crystal Palace
football kit Derby,peliasu Derby
football kit Doncaster,peliasu
football kit Everton,peliasu Everton
football kit Fulham,peliasu Fulham
football kit Hull City,peliasu Hull City
football kit Ipswich,peliasu Ipswich
football kit Leicester,peliasu Leicester
football kit Liverpool,peliasu Liverpool
football kit Manchester City,peliasu Manchester City
football kit Manchester United,peliasu Manchester United
football kit Middlesbrough,peliasu Middlesbrough
football kit Newcastle United,peliasu Newcastle United
football kit Nottingham Forest,peliasu Nottingham Forest
football kit Peterborough,peliasu Peterborough
football kit Plymough Argyle,peliasu Plymough Argyle
football kit Portsmouth,peliasu Portsmouth
football kit Preston,peliasu Preston
football kit QPR,peliasu QPR
football kit Reading,peliasu Reading
football kit Scunthorpe,peliasu Scunthorpe
football kit Sheffield United,peliasu Sheffield United
football kit Sheffield Weds,peliasu Sheffield Weds
football kit Spurs,peliasu Spurs
football kit Stoke City,peliasu Stoke City
football kit Sunderland,peliasu Sunderland
football kit Swansea,peliasu Swansea
football kit Watford,peliasu Watford
football kit West Bromwich,peliasu West Bromwich
football kit West Ham United,peliasu West Ham United
football kit Wigan Athletics,peliasu Wigan Athletics
football kit Wolves,peliasu Wolves
fork adapted,haarukka
fox,kettu
frog,sammakko
front door,etuovi
furniture,huonekalu
garage,autotalli
garden chair folding,pihatuoli
gardener 1a,puutarhuri
gardener 1b,puutarhuri
gardener 2a,puutarhuri
gardener 2b,puutarhuri
giraffe,kirahvi
gnat,hyttynen
gnat,s��ski
golf,golf
gorilla,gorilla
greengrocer 1a,vihanneskauppias
greengrocer 1b,vihanneskauppias
greengrocer 2a,vihanneskauppias
greengrocer 2b,vihanneskauppias
handcuffs,k�siraudat
hangar,lentokonehalli
hare,rusakko
head teacher 1a,rehtori
head teacher 1b,rehtori
head teacher 2a,rehtori
head teacher 2b,rehtori
hedgehog,siili
hello,hei
helmet,kyp�r�
helmet pilot,lent�j�n kyp�r�
high chair,sy�tt�tuoli
hippopotamus,virtahepo
holdall,kassi laukku
"horse riding ride , to",ratsastaa
hungry,n�lk�inen
intellikeys,ohjainlevy
intellikeys,mukautettava n�pp�imist�
intellikeys,Intellikeys
IT assistant 1a,mikrotukinekil�
IT assistant 1b,mikrotukinekil�
IT assistant 2a,mikrotukinekil�
IT assistant 2b,mikrotukinekil�
jigsaw puzzle,palapeli
judo,judo
judo belt,judovy�
key 1,avain
key 2,avain
"kick ball 1 , to",potkaista palloa
"kick ball 2 , to",potkaista palloa
knife adapted,veitsi
knife adapted 2,veitsi
ladies toilet,naisten vessa
lava lamp,laavalamppu
lift,hissi
lion,leijona
little mac switch,painike
medal,mitali
mens toilet,miesten vessa
milk bottle,maitopullo
milk person 1a,maidon jakaja
milk person 1b,maidon jakaja
milk person 2a,maidon jakaja
milk person 2b,maidon jakaja
mirror ball,diskopallo
money,raha
moth,koi
moth,koiperhonen
mountains,vuoret
musician 1a,muusikko
musician 1b,muusikko
musician 2a,muusikko
musician 2b,muusikko
need toilet,vessah�t�
newspaper,sanomalehti
newspaper person 1a,lehdenjakaja
newspaper person 1b,lehdenjakaja
newspaper person 2a,lehdenjakaja
newspaper person 2b,lehdenjakaja
nurse 1a,sairaanhoitaja
nurse 1b,sairaanhoitaja
nurse 2a,sairaanhoitaja
nurse 2b,sairaanhoitaja
occupational therapist 1a,toimintaterapeutti
occupational therapist 1b,toimintaterapeutti
occupational therapist 2a,toimintaterapeutti
occupational therapist 2b,toimintaterapeutti
ostrich,strutsi
owl,p�ll�
palm tree,palmu
panda,panda
paramedic 1a,ensihoitaja
paramedic 1b,ensihoitaja
paramedic 2a,ensihoitaja
paramedic 2b,ensihoitaja
passport,passi
peacock,riikinkukko
penguin,pingviini
photographs,valokuvat
physio therapist 1a,fysioterapeutti
physio therapist 1b,fysioterapeutti
physio therapist 2a,fysioterapeutti
physio therapist 2b,fysioterapeutti
picture,kuva
picture frame,valokuvakehys
pilot 1a,lent�j�
pilot 1b,lent�j�
pilot 2a,lent�j�
pilot 2b,lent�j�
polar bear,j��karhu
police 1a,poliisi
police 1b,poliisi
police helmet,poliisin kyp�r�
police radio,poliisiradio
pool snooker,biljardi
porcupine,piikkisika
porter hospital 1a,vastaanottoapulainen
porter hospital 1b,vastaanottoapulainen
porter hospital 2a,vastaanottoapulainen
porter hospital 2b,vastaanottoapulainen
post person 1a,postinkantaja
post person 1b,postinkantaja
post person 2a,postinkantaja
post person 2b,postinkantaja
quiet,hiljainen
race athletics,kilpajuoksu
race athletics,urheilukilpailu
rain,sade
rainbow,sateenkaari
refuse collector 1a,roskakuski
refuse collector 1b,roskakuski
refuse collector 2a,roskakuski
refuse collector 2b,roskakuski
rhinoceros,sarvikuono
riding hat,ratsastuskyp�r�
rifle,kiv��ri
road,tie
rocking chair,keinutuoli
roller coaster,vuoristorata
rug,matto
saddle 2,satula
sailor 1a,merimies
sailor 1b,merimies
seal,hylje
secretary 1a,sihteeri
secretary 1b,sihteeri
secretary 2a,sihteeri
secretary 2b,sihteeri
sensory tube,aistiputki
shape puzzle,muotolauta
shop,kauppa
shop 2,kauppa
short,lyhyt
shrew,p��st�inen
shuttlecock,sulkapallo
singer 1a,laulaja
singer 1b,laulaja
singer 2a,laulaja
singer 2b,laulaja
"ski , to",hiiht��
skis,sukset
slug,etana
snail,etana
snow,lumi
soldier 1a,sotilas
soldier 1b,sotilas
soldier 2a,sotilas
soldier 2b,sotilas
speech language therapist 1a,puheterapeutti
speech language therapist 1b,puheterapeutti
speech language therapist 2a,puheterapeutti
speech language therapist 2b,puheterapeutti
spider,h�m�h�kki
spoon adapted,lusikka
squirrel 1a,orava
squirrel 1b,orava
stag,hirvi
star stacker,lelu
step by step,step by step
stethoscope,stetoskooppi
stirrups,jalustimet
stoat,k�rpp�
stool,palli
suitcase 1,matkalaukku
suitcase 2,matkalaukku
sun lounger,aurinkotuoli
swan,joutsen
tall,korkea
tape recorder,nauhuri
taxi driver 1a,taksikuski
taxi driver 1b,taksikuski
taxi driver 1c,taksikuski
taxi driver 1d,taksikuski
taxi driver 2a,taksikuski
taxi driver 2b,taksikuski
taxi driver 2c,taksikuski
taxi driver 2d,taksikuski
teacher 1a,opettaja
teacher 1b,opettaja
teacher 2a,opettaja
teacher 2b,opettaja
tennis,tennis
theme park,huvipuisto
thin,ohut
thirsty,janoinen
thunder storm,ukkos myrsky
tiger,tiikeri
toad,rupi konna
"toilet , go to the",menn� vessaan
toilets,vessat
trampoline,trampoliini
"trampoline , to",pomppia trampoliinissa
travel,matkustaa
umbrella,sateenvarjo
visitor 1a,vierailja
visitor 1b,vierailja
visor,visiiri
volleyball,lentopallo
wall,sein�
wasp,ampiainen
webcam,Web-kamera
wheelchair,py�r�tuoli
wheelchair and switch mount,py�r�tuoli painikkeella
wheelchair communication aid,py�r�tuoli ja kommunikointilaite
window,ikkuna
winner,voittaja
wolf,susi
"work , to",ty�skennell�
zebra,seepra
across,poikki
across,yli
against,vastaan
ahead,edess�
auroscope,otoskooppi
back ache,selk�kipu
begin start,aloittaa
blood pressure,verenpaine
both,molemmat
bottom 2,alla
bottom 2,pohja
"break , to",rikkoa
bright room,valoisa huone
broken,rikki
bumpy,t�yssyj�
bumpy,pomppuinen
clean dishes,tiskata
clean room,puhdas huone
close to,vieress�
close to,l�hell�
coated spoon,lusikka
correct,oikea
counters,pelikolikot
cow,lehm�
cream ointment,hoitovoide
cricket 2,hein�sirkka
cricket 2,sirkka
crooked,kiero
crutches,kainalosauvat
crutches 1,kainalosauvat
curly,kiharainen
cut,leikata
deep,syv�
dish partitioned,osioitu lautanen
dish partitioned,lautanen
doidy cup,muki
donkey,aasi
drink consistency firm spoon,juoma lusikka
drink consistency honey cup,juoma lusikka
drink consistency juice straw,juoma lusikka
eighth,kahdeksasosa
either,kumpikaan
even,tasan
even,tasaisesti
every,jokainen
extra large,extra large
extra large,eritt�in suuri
eye drops,silm�tipat
favourite,suosikki
fifty percent,puolet
finish,loppua
finish,tulla perille
finish,loppua
fire,tuli
first aid box,ensi apu pakki
flag Aboriginal Peoples,Australian alkuasukkaiden lippu
flag Abu Dhabi - UAE,"Abu Dhabin lippu, Arabiemiraatit"
flag Ajman Dubia - UAE,"Ajman Dubian lippu, Arabiemiraatit"
flag Aland Islands - Finland,Ahvenanmaan lippu
flag Alaska,Alaskan lippu
flag Algeria,Aalgerian lippu
flag Angola,Aangolan lippu
flag Antigua Barbuda,Antigua Barburan lippu
flag Armenia,Armenian lippu
flag Aruba,Aruban lippu
flag Asean,Asean lippu
flag Austria,Australian lippu
flag Azerbaijan,Azerbaid�anin lippu
flag Bahrain,Bahrainin lippu
flag Bangladesh,Bangladeshin lippu
flag Barbados,Barbadoksen lippu
flag Belarus,Valko-Ven�j�n lippu
flag Belgium,Belgian lippu
flag Benin,Beninin lippu
flag blank,lippu
flag Bonaire Dutch Antillies,Bonaire Alankomaiden Antillien lippu
flag Bosnia Herzegovina,Bosnia Herzegovinan lippu
flag Botswana,Botswanan lippu
flag Bulgaria,Bulgarian lippu
flag Burkina Faso,Burkina Fason lippu
flag Burundi,Burundin lippu
flag Cameroon,Camerunin lippu
flag Canada,Kanadan lippu
flag Cape Verde,Cap Verden lippu
flag Caricom,Caricom-maiden lippu
flag Central African Republic,Keski-Afrikan tasavallan lippu
flag Chad,Chadin lippu
flag Chile,Chilen lippu
flag China,Kiinan lippu
flag Colombia,Kolumbian lippu
flag Comoros,Komoreiden lippu
flag Congo Brazzaville,Kongon Brazzavillen lippu
flag Congo Kinshasa,Kongon Kinshasan lippu
flag Costa Rica,Costa Rican lippu
flag Cuba,Kuuban lippu
flag Cyprus,Kyproksen lippu
flag Denmark,Tanskan lippu
flag Djibouti,Tanskan lippu
flag Dominican Republic,Dominikaanisen tasavallan lippu
flag England,Englannin lippu
flag Eritrea,Eritrean lippu
flag Estonia,Viron lippu
flag Ethiopia,Etiopian lippu
flag European Union,Euroopan Unionin lippu
flag Finland,Suomen lippu
flag France,Ranskan lippu
flag Fujairah - UAE,"ujairahin lippu, Arabiemiraatit"
flag Gabon,Gabonin lippu
flag Georgia,Georgian lippu
flag Georgia,Gruusian lippu
flag Germany,Saksan lippu
flag Ghana,Ghanan lippu
flag Greece,Kreikan lippu
flag Greenland,Gr�nlannin lippu
flag Guinea Bissau,Guinea Bissaun lippu
flag Guyana,Guyanan lippu
flag Haiti,Haitin lippu
flag Honduras,Hondurasin lippu
flag Hong Kong - China,"Hongkongin lippu, Kiina"
flag Hungary,Unkarin lippu
flag Iceland,Islannin lippu
flag India,Intian lippu
flag Indonesia,Indoneesian lippu
flag Iraq,Irakin lippu
flag Ireland,Irlannin lippu
flag Israel, Israelin lippu
flag Italy,Italian lippu
flag Ivory Coast,Norsunluurannikon lippu
flag Jamaica,Jamaican lippu
flag Japan,Japanin lippu
flag Jordan,Jordanian lippu
flag Kuwait,Kuwaitin lippu
flag Laos,Laosin lippu
flag Latvia,Latvian lippu
flag Liberia,Liberian lippu
flag Libya,Libyan lippu
flag Lithuania,Liettuan lippu
flag Luxembourg,Luxenburgin lippu
flag Madagascar,Madagarcarin lippu
flag Malaysia,Malesian lippu
flag Maldives,Malediivien lippu
flag Mali,Malin lippu
flag Mauritania,Mauritanian lippu
flag Mauritius,Mauritiuksen lippu
flag Micronesia,Mikronesian lippu
flag Monaco,Monacon lippu
flag Namibia,Namibian lippu
flag Nauru,Nauru-saarten lippu
flag New Zealand,Uuden-Seelannin lippu
flag Niger,Nigerin lippu
flag Nigeria,Nigerian lippu
flag Niue,Niuen lippu
flag North Korea,Pohjois-Korean lippu
flag Northern Cyprus,Pohjois-Kyproksen lippu
flag Norway,Norjan lippu
flag Pakistan,Pakistanin lippu
flag Palau,Palaun lippu
flag Palestine,Paleestiinan lippu
flag Panama,Panaman lippu
flag Poland,Puolan lippu
flag Puerto Rico,Puerto Ricon lippu
flag Rass al Khaimah Sharjah,Rass al Khaimah Sharjahin lippu
flag Red Cross,Punaisen ristin lippu
flag Romania,Romanian lippu
flag Russian Federation,Ven�j�n federaation lippu
flag Rwanda,Ruandan lippu
flag Samoa,Samoan lippu
flag Sao Tome Principe,Sao Tomen ja Principen lippu
flag Scotland,Skotlannin lippu
flag Senegal,Senegalin lippu
flag Seychelles,Seychellien lippu
flag Sierra Leone,Sierra Leonen lippu
flag Singapore,Singaporen lippu
flag Solomon Islands,Salomonsaarten lippu
flag Somalia,Somalian lippu
flag South Africa,Etel�-Afrikan lippu
flag South Korea,Etel�-Korean lippu
flag St. Kitts and Nevis,St.Kitts ja Nevisin lippu
flag Suriname,Surinamen lippu
flag Sweden,Ruotsin lippu
flag Switzerland,Sveitsin lippu
flag Syria,Syyrian lippu
flag Taiwan,Taiwanin lippu
flag Tanzania,Tansanian lippu
flag Thailand,Thaimaan lippu
flag The Bahamas,Bahamasaarten lippu
flag The Czech Republic,Tsekin tasavallan lippu
flag The Gambia,Gambian lippu
flag The Netherlands,Hollannin lippu
flag The Sudan,Sudanin lippu
flag Timor Leste,It�-Timorin lippu
flag Togo,Togon lippu
flag Tokelau,Tokelaun lippu
flag Tonga,Tongan lippu
flag Trinidad and Tobago,Trinidad ja Tobagon lippu
flag Tunisia,Tunisian lippu
flag Turkey,Turkin lippu
flag Tuvalu,Tuvalun lippu
flag Ukraine,Ukrainan lippu
flag Umm al Qaiwan - UAE,"Umm al Qaiwanin lippu, Arabiemiraatit"
flag United Kingdom,Yhdistyneiden kuningaskuntien lippu
flag United Kingdom,Britannian lippu
flag United States of America,Yhdysvaltojen lippu
flag United States of America, USA:n lippu
flag Uzbekistan,Uzbekistanin lippu
flag Venezuela,Venezuelan lippu
flag Viet Nam,Vietnamin lippu
flag Western Sahara,L�nsi-Saharan lippu
flag Yemen, Jemenin lippu
flat,tasainen
fuzzy,p�rr�inen
half,puolikas
hard,vaikea
hard,kova
headache,p��ns�rky
healthy,terve
hearing aid 1,kuulokoje
hearing aid 2,kuulokoje
hoist,nostolaite
hollow,ontto
inhaler,inhalaattori
inhaler,astmapiippu
itch,kutina
jellyfish,meduusa
kangaroo,kenguru
killer whale,miekkavalas
large,suuri
leopard,leopardi
little,pieni
lots more,paljon enemm�n
loud,��nek�s
loud,kova��ninen
lucky,onnekas
lump,kuhmu
medicine,l��ke
messy room,likainen huone
middle,keskell�
mistake no wrong,ei
mistake no wrong,virhe
mistake no wrong,v��rin
more,enemm�n
most,eniten
mouth,suu
neither,ei kumpikaan
no smoking sign,tupakointikielto
north east,koillinen
north west,luode
nosey cup,muki
old object,antiikkia
old object,vanha
open,auki
operating theatre,leikkaussali
operation,leikkaus
opposite,vastakohta
out,ulos
out,ulkona
oxygen mask,happinaamari
part,osa
piglet,possu
piglet,porsas
plaster,kipsi
plate guard,lautastuki
plate lipped,lautanen
pointed,ter�v�
pool hoist,allasnosturi
prawn,katkarapu
quarter,nelj�sosa
ram,oinas
ram,p�ssi
ram,uuhi
ramp,ramppi
rash,ihottuma
same,sama
seahorse,merihevonen
seizure,kohtaus
seventy five percent,75 prosenttia
shallow,matala
sharp,ter�v�
sheep,lammas
shiny,kimaltava
slice,viipale
sling,keinu
sneeze cold,nuha
soft,pehme�
some,muutama
south east,kaakko
south west,lounas
spiders web,h�m�h�kinseitti
spotty,t�plik�spilkullinen
spotty,t�plik�s
sting bee,ampiaisen pistos
straight,suora
striped,raidallinen
surgery health centre,terveyskeskus
syringe,ruisku
tablet blister pack,l��kken l�pipainopakkaus
tablets,l��kkeet
tablets,pillerit
teeth,hampaat
thermometer,l�mp�mittari
thick,paksu
thin 2,ohut
three quarters,�
toothache,hammass�rky
top 2,p��lle
top 2,p��ll�
twenty five percent,�
twenty five percent,nelj�sosa
under 1,all3
under 1,alla
walking frame,k�velytuki
walking stick,k�velykeppi
warm clothes,l�mpim�t vaatteet
wavy,aaltoileva
weak link,heikko lenkki
wet 1,m�rk�
whole,kokonainen
xray,r�ntgen
"arm wrestle , to",v��nt�� k�tt�
awake,hereill�
blind,sokea
blind 2,sokea
bone 2,luu
bow,rusetti
break 2,tauko
broken bone,murtunut luu
cigarette,tupakka
cleaning box,siivousv�lineet
closed shop,suljettu kauppa
clothes extra large,eritt�in isot vaatteet
clothes large,isot vaatteet
clothes medium,keskikokoiset vaatteet
clothes neat,siistit vaatteet
clothes small,pienet vaatteet
correct thought,oikein ajateltu
country Alaska,maa Alaska
country Algeria,maa Algeria
country Angola,maa Angola
country Armenia,maa Armenia
country Aruba,Maa Aruba
country Austria,maa It�valta
country Azerbaijan,maa Azerbaitsan
country Bahrain,maa bahrain
country Bangladesh,maa Bangladesh
country Barbados,maa Barbados
country Belarus,maa Valko-Ven�j�
country Belgium,maa Belgia
country Benin,maa Benin
country Bonaire,maa Bonaire
country Bosnia Herzegovina,maa Bosnia Herzegovina
country Botswana,maa Botswana
country Bulgaria,maa Bulgaria
country Burkina Faso,maa Burkina Faso
country Burundi,maa Burundi
country Cameroon,maa Cameron
country Canada,maa Kanada
country Cape Verde,maa Cap Verde
country Chad,maa Chad
country Chile,maa Chile
country China,maa Kiina
country Colombia,maa Kiina
country Comoros,maa Comoros
country Congo Brazzaville,maa Congo Brazzaville
country Congo Kinshasa,maa Congo Kinshasa
country Costa Rica,maa Costa Rica
country Cuba,maa Kuuba
country Cyprus,maa Kypros
country Denmark,maa Tanska
country Djbouti,maa Djibouti
country Dominican Republic,maa Dominikaaninen tasavalta
country England,maa Englanti
country Eritrea,maa Eritrea
country Estonia,maa Viro
country Ethiopia,maa Etiopia
country Finland,maa Suomi
country France,maa Ranska
country Gabon,maa Gabon
country Georgia,maa Gruusia
country Georgia,maa Georgia
country Germany,maa Saksa
country Ghana,maa  Ghana
country Greece,maa Kreikka
country Greenland,maa Gr��nlanti
country Guinea Bissau,maa Guinea Bissau
country Guyana,maa Guyana
country Haiti,maa Haiti
country Honduras,maa Honduras
country Hong Kong,maa Hong Kong
country Hungary,maa Unkari
country Iceland,maa Islanti
country India,maa Intia
country Indonesia,maa Indonesia
country Iraq,maa Irak
country Ireland,maa Irlanti
country Israel,maa Israel
country Italy,maa Italia
country Ivory Coast,maa Norsunluurannikko
country Jamaica,maa Jamaica
country Japan,maa Japani
country Jordan,maa Jordania
country Kuwait,maa Kuwait
country Laos,maa Laos
country Latvia,maa Latvia
country Liberia,maa Liberia
country Libya,maa Libya
country Lithuania,maa Liettua
country Luxembourg,maa Luxemburg
country Madagascar,maa Madagascar
country Malaysia,maa Malesia
country Mali,maa Mali
country Mauritania,maa Mauritania
country Mauritius,maa Mauritius
country Monaco,maa Monaco
country Namibia,maa Namibia
country Nauru,maa Nauru
country New Zealand,maa Uusi-Seelanti
country Niger,maa Niger
country Nigeria,maa Nigeria
country Niue,maa Niue
country North Korea,maa Pohjois-Korea
country Northern Cyprus,maa Pohjois-Kypros
country Norway,maa Norja
country Oman,maa Oman
country Pakistan,maa Pakistan
country Palau,maa Palau
country Palestine,maa Palestiina
country Panama,maa Panama
country Qatar,maa Qatar
country Romania,maa Romania
country Russian Federation,maa Ven�j�n federaatio
country Rwanda,maa Ruanda
country Samoa,maa Samoa
country Sao Tome Principe,maa Sao Tome Principe
country Saudi Arabia,maa Saudi-Arabia
country Scotland,maa Skotlanti
country Senegal,maa Senegal
country Seychelles,maa Seychelles
country Sierra Leone,maa Sierra Leone
country Singapore,maa Singapore
country Solomon Islands,maa Salomonsaaret
country Somalia,maa Somalia
country South Africa,maa Etel�-Afrikka
country South Korea,maa Etel�-Korea
country St. Kitts and Nevis,maa St.Kitts ja Nevis
country Suriname,maa Suriname
country Sweden,maa Ruotsi
country Switzerland,maa Sveitsi
country Syria,maa Syyria
country Taiwan,maa Taiwan
country Tanzania,maa Tansania
country Thailand,maa Thaimaa
country The Bahamas,maa Bahama
country The Czech Republic,maa Tsekin tasavalta
country The Gambia,maa Gambia
country The Netherlands,maa Hollanti
country The Netherlands,maa Alankomaat
country The Sudan,maa Sudan
country Togo,maa Togo
country Trinidad and Tobago,maa Trinidad ja Tobago
country Tunisia,maa Tunisia
country Turkey,maa Turkki
country Ukraine,maa Ukraina
country United Kingdom,maa Britannia
country United Kingdom,maa Yhdistyneet kuningaskunnat
country United States,maa Yhdysvallat
country United States,maa USA
country Uzbekistan,maa Uzbekistan
country Venezuela,maa Venezuela
country Viet Nam,maa Vietnam
country Western Sahara,maa L�nsi-Sahara
country Yemen,maa Jemen
curly hair,kiharat hiukset
dead,kuollut
dead plant,kuollut kasvi
delicious drink,herkullinen juoma
delicious food,herkullinen ruoka
dirty,likainen
door 2,ovi
dry,kuiva
empty,tyhj�
enough,tarpeeksi
extra,ylim��r�inen
extra 2,ylim��r�inen
eye,silm�
eyes,silm�t
eyes closed,silm�t kiinni
fancy,hieno
fast 2,nopea
first 2,ensimm�inen
flame,liekki
forward,eteenp�in
full,t�ynn�
funny laugh,hassu nauru
glasses,lasit
"go through door , to",menn� ovesta
good,hyv�
good person,hyv� ihminen
good to drink,juomakelpoista
good to eat,sy�m�kelpoista
good to eat 2,sy�m�kelpoista
great,mahtava
handsome,komea
hat too big,liian iso hattu
high,korkea
hot person,kuuma
inside room,huoneessa
last 2,viimeinen
left hand,vasen k�si
long,pitk�
lost,eksynyt
messy clothes,likaiset vaatteet
non speaking,puhumaton
non speaking,mykk�
office block,toimistotalo
old person 1,vanhus
old person 2,vanhus
old person 3,vanhus
open shop,avoin kauppa
open shop,aukinainen kauppa
outside,ulos
outside,ulkona
pepper mill,pippurimylly
"point , to",osoittaa
pretty,n�tti
ready 2,valmis
right hand,oikea k�si
salt,suola
scary,pelottava
second 3,toinen
short 2,lyhyt
slippery,liukas
sticky,tahmea
stomach ache,vatsakipu
stubble,s�nki
tartan,ruudullinen kangas
tartan,tartan
tartan,skottikangas
ugly,ruma
vase,vaasi
"vomit sick , to",oksentaa
warm fire,l�mmin tuli
wet,m�rk�
wrong thought,v��rin ajateltu
bin bags,roskapussit
computer keyboard,n�pp�imist�
computer speaker,kaiutin
"crush pestle , to",jauhaa
"dip food , to",dipata
female side,nainen profiili
flag Afghanistan,Afganistanin lippu
flag African Union,Afrikan Unionin lippu
flag Albania,Albanian lippu
flag Alderney,Alderneyn lippu
flag American Samoa,Amerikan Samoan lippu
flag Andorra,Andorran lippu
flag Anguilla,Anguillan lippu
flag Antartica,Etel�mantereen lippu
flag Argentina,Argentiinan lippu
flag Belize,Belizan lippu
flag Bermuda,Bermudan lippu
flag Bhutan,Bhutanin lippu
flag Bolivia,Bolivian lippu
flag Brazil,Brasilian lippu
flag Brunei,Brunein lippu
flag Cambodia,Kambodzan lippu
flag Canary Islands,Kanariansaarten lippu
flag Cayman Islands,Cayman-saarten lippu
flag Cook Islands,Cookin saarten lippu
flag Croatia,Kroatian lippu
flag Dominica,Dominican lippu
flag Ecuador,Ecuadorin lippu
flag Egypt,Egyptin lippu
flag El Salvador,El Salvadorin lippu
flag Equatorial Guinea,P�iv�ntasaajan Guinean lippu
flag Falkland Islands,Falkandin saarten lippu
flag Fiji,Fijin lippu
flag Gibraltar,Gibraltarin lippu
flag Grenada,Granadan lippu
flag Guam,Guamin lippu
flag Guernsey,Guernseyn lippu
flag Guinea,Guinean lippu
flag Hawaii,Havaijin lippu
flag Iran,Iranin lippu
flag Isle of Man,Mansaaren lippu
flag Jersey,Jerseyn lippu
flag Kazakhstan,Kazakstanin lippu
flag Kenya,Kenian lippu
flag Kiribati,Kiribatin lippu
flag Kosovo,Kosovon lippu
flag Kyrgyzstan,Kirgisian lippu
flag Lebanon,Libanonin lippu
flag Lesotho,Lesothon lippu
flag Liechtenstein,Liechtensteinin lippu
flag Macedonia,Makedonian lippu
flag Malawi,Malawin lippu
flag Malta,Maltan lippu
flag Marshall Islands,Marshall-saarten lippu
flag Mexico,Meksikon lippu
flag Midway Islands,Midwaysaarten lippu
flag Moldova,Moldovan lippu
flag Mongolia,Mongolian lippu
flag Montenegro,Montenegron lippu
flag Morocco,Marokon lippu
flag Mozambique,Mosambiqin lippu
flag Myanmar,Myanmarin lippu
flag NATO,NATO:n lippu
flag Nepal,Nepalin lippu
flag New Caledonia,Uuden Kaledonian lippu
flag Nicaragua,Nicaraguan lippu
flag Northern Marianas,Pohjois-Mariaanien lippu
flag Olympic Movement,Olympialaisten lippu
flag Oman,Omanin lippu
flag Papua New Guinea,Papua Uusi Guinean lippu
flag Paraguay,Paraguayn lippu
flag Peru,Perun lippu
flag Philippines,Filippiinien lippu
flag Pitcairn Islands,Pitcairnin saarten lippu
flag Portugal,Portugalian lippu
flag Qatar,Qatarin lippu
flag S Georgia Sandwich Isles,S Georgia Sandwich saarten lippu
flag Sami,Samin lippu
flag San Marino,San Marinon lippu
flag Sark,Sarkin lippu
flag Saudi Arabia,Saudi Arabian lippu
flag Seborga,Seborgan lippu
flag Serbia,Serbian lippu
flag Slovakia,Slovakian lippu
flag Slovenia,Slovenian lippu
flag Somaliland,Somalimaan lippu
flag Spain,Espanjan lippu
flag Sri Lanka,Sri Lankan lippu
flag St Helena,St Helenan lippu
flag St Vincent Grenadines,St Vincent Grenadinesin lippu
flag Swaziland,Swazimaan lippu
flag Tajikistan,Tajikistanin lippu
flag The Azores,Azoreiden lippu
flag The Faroe Islands,Faroe-saarten lippu
flag Tibet,Tiibetin lippu
flag Tristan de Cunha,Tristan de Cunhan lippu
flag Turkmenistan,Turkmenistanin lippu
flag Turks Caicos Isles,Turkin Caicos-saarten lippu
flag Uganda,Ugandan lippu
flag United Arab Emirates,Yhdistyneiden Arabiemiirien lippu
flag United Nations,YK:n lippu
flag Uruguay,Uruguayn lippu
flag Vanuatu,Vanuatun lippu
flag Vatican City,Vatikaanin lippu
flag Virgin Islands,Neitsytsaarten lippu
flag Wakes Island,Waken lippu
flag Wales,Walesin lippu
flag Zambia,Sambian lippu
flag Zimbabwe,Zimbabwen lippu
freezer,pakastin
headpointer 2,p��hiiri
"melt , to",sulattaa
"scoop , to",kaapia
toast,paahtoleip�
"wash up , to",peseyty�
Advent,adventti
Advent calendar,adventtikalenteri
angel,enkeli
Ash Wednesday,tuhkakeskiviikko
balloon,ilmapallo
basket,kori
basket 2,kori
bell,kello
birthday cake,syntym�p�iv�kakku
birthday card,syntym�p�iv�kortti
"bless , to",siunata
bonfire,kokko
Bonfire Night,juhannusy�
Boxing Day,tapaninp�iv�
broomstick,luudanvarsi
candle 2,kynttil�
candy cane,karkkikeppi
card,kortti
carol singer,kuorolaulaja
catherine wheel,viuhka
"celebrate 2 , to",juhlia
"celebrate 3 , to",juhlia
celebrate birthday,juhlia syntym�p�iv��
celebration,juhlat
champagne,sanppanja
"champagne pop , to",poksauttaa samppanja
chick,tipu
chimney,savupiippu
chocolate log,k��retorttu
Christian,kristitty
Christmas,joulu
Christmas bauble,kuusenkoriste
Christmas bell,joulukello
Christmas cake,joulukakku
Christmas Day,joulup�iv�
Christmas decorations,joulukoristeet
Christmas Eve,jouluaatto
Christmas lights,jouluvalot
Christmas pudding,jouluvanukas
Christmas sock,joulusukka
Christmas tree,joulukuusi
Christmas wreath,jouluseppele
church,kirkko
cracker,karkki
cracker,karamelli
cracker,paukkukaramelli
cross,risti
cross palm,ristipuu
crown of thorns,orjantappurakruunu
Crucifixion,ristiinnaulitseminen
"decorate tree , to",koristella kuusi
dinner 2 people,ruokailu 2 ihmist�
dinner 3 people,ruokailu 3 ihmist�
dove,kyyhkynen
Easter egg,p��si�ismuna
Easter egg hunt,p��si�ismunan mets�stys
elf,tonttu
fairy,haltia
family,perhe
Father Christmas,joulupukki
Father Christmas sack,joulupukin s�kki
fireworks,ilotulitusraketti
fireworks,ilotulitteet
fireworks 2,ilotulitusraketti
fireworks 2,ilotulitteet
frankincense,olibaanihartsi
ghost,kummitus
gold bar,kultaharkko
goose roast,hanhenpaisti
guy,j�tk�
Guy Fawkes,Guy Fawkes
Halloween,halloween
harvest,sadonkorjuu
Harvest Festival,sadonkorjuujuhla
Harvest Festival,elonkorjuujuhla
hat Christmas,tonttumyssy
haunted house,kummitustalo
holly,orjanlaakeri
Houses of Parliament,parlamentti
ivy,muratti
ivy 2,muratti
Jesus,Jeesus
Joseph,Joosef
Judas,Juudas
lamb 2,lammas
Last Supper,viimeinen ehtoollinen
Lent,paasto
lily,lilja
manger,kaukalo
Mary,Maria
mince pie,lihapiiras
mistletoe,mistelinoksa
monster,hirvi�
Nativity,Kristuksen syntym�
palm,palmu
Palm Sunday,palmusunnuntai
pancake 2,pannukakku
pancakes,pannukakut
parade 1,paraati
parade 2,paraati
party celebration,juhla
party popper,paukkupommi
passion flower,k�rsimyskukka
pie,piiras
"pray , to",rukoilla
prayer,rukous
present,lahja
pumpkin lantern,kurpitsalyhty
pumpkin pie,kurpitsapiirakka
Puritans,puritaanit
reindeer,poro
ribbon,nauha
risen,noussut
rocket 2,raketti
Rudolph,Petteri
sack,s�kki
sausage roll,makkarapasteija
sausage roll small,pieni makkarapasteija
shepherd 1a,paimen
shepherd 1b,paimen
Shrove Tuesday 1,laskiainen
simnel cake,p��si�iskakku
sledge,leka
sleigh,reki
sparkler,s�detikku
stable 1,talli
stable 2,talli
stuffing,t�ytteet
table 2,p�yt�
tablecloth,p�yt�liina
three wise kings,kolme viisasta miest�
tinsel,hopealanka
tomb 1,hautakammio
tomb 2,hautakammio
"toss pancake , to",heitt�� lettua
"toss pancake , to",heitt�� l�tty�
"toss pancake , to",heitt�� r�isk�lett�
tree ornament chocolate,suklaakoriste
trick or treat,karkki tai kepponen
wishbone,toiveluu
witch,noita
witches hat,noitahattu
"wrap , to",paketoida
wrapping paper,lahjapaperi
yule log,k��retorttu
airways,hengityskanava
ankle,nilkka
arm,k�si
arms,k�det
aunt maternal,t�ti
aunt paternal,t�ti
back,selk�
back 1,selk�
back garden,takapiha
beak,nokka
beehive,mehil�ispes�
bees nest,mehil�ispes�
bird bath,lintuallas
bird feeder,lintulauta
body outline,kehon ��riviivat
brother,veli
buffalo,puhveli
calf,vasikka
chameleon,kameleontti
chest female,naisen rinta
chest male,miehen rinta
chipmunk,maaorava
chipmunk 2,maaorava
chipmunk 3,maaorava
claw,kynsi
cockerel,kukonpoika
comet,komeetta
cow shed,lato
dad parent,is�
daughter,tyt�r
dog kennel,koirankoppi
ear,korva
Earth,maa
Earths atmosphere,ilmakeh�
family 2,perhe
fangs,torahampaat
feather,h�yhen
feet,jalat
fin,ev�
finger,sormi
fingernail,kynsi
fist,nyrkki
flipper,r�pyl�
foot,jalka
front,etuosa
goldfish bowl,kultakalamalja
grandfather,isois�
grandmother,iso�iti
grandparents,isovanhemmat
gum,purkka
head,p��
"hear , to",kuulla
heart,syd�n
heron,harmaahaikara
hoof,kavio
horns,sarvet
husband,aviomies
intestine,sisuskalut
Jupiter,Jupiter
knee,polvi
koala,koala
leg,jalka
legs,jalat
lips 1,huulet
lungs,keuhkot
married,naimisissa
Mars,Mars
Mercury,Merkkuurius
Milky Way,linnunrata
mole,myyr�
Moon,kuu
mum parent,�iti
mussel,simpukka
Neptune,Neptunus
nest,pes�
nostril,sierain
oyster,osteri
oyster 2,osteri
parents,vanhemmat
partner,partneri
paw,tassu
paw 1,tassu
pelican,pelikaani
planets,planeetat
Pluto,Pluto
prickles,piikit
puffin,lunni
quail,viiri�inen
rattle snake,kalkkarok��rme
robin,punarinta
satellite,satelliitti
Saturn,Saturnus
scales fish,kalan suomut
scar,arpi
seagull,lokki
senses,aistit
"shave underarm , to",ajaa kainalot
sister,sisko
skeleton,luuranko
skunk,haisun��t�
sole,ainoa
son,poika
"squeak mouse , to",vikist�
star,t�hti
starfish,merit�hti
step brother,velipuoli
step dad parent,is�puoli
step daughter 1,tyt�rpuoli
step daughter 2,tyt�rpuoli
step mum parent,�itipuoli
step sister,sisarpuoli
step son 1,poikapuoli
step son 2,poikapuoli
stomach,maha
stomach 1,maha
throat,kurkku
toe nail,varpaankynsi
trachea,henkitorvi
trap,ansa
turkey,kalkkuna
turtle,kilpikonna
uncle maternal,eno
uncle paternal,set�
underarm,kainalo
underarm hair,kainalokarvat
Uranus,Uranus
Venus,Venus
vulture,korppikotka
"wag tail , to",heiluttaa h�nt��
"wag tail 2 , to",heiluttaa h�nt��
walrus,mursu
webbed foot,r�pyl�
whiskers,viiksikarvat
wife,vaimo
windpipe,henkitorvi
wing,siipi
