symbol-id;symbol-en;symbol-fi
1;A;A
2;a_-_lower_case;a
3;above;yläpuolella
4;absent;poissa
5;acne_spots;akne
6;acorn;tammenterho
7;across;yli
8;activity_centre;toimintakeskus
9;add;plus
10;Advent;adventti
11;Advent_calendar;adventtikalenteri
12;aerial_indoor;sisäantenni
13;aerobics_dance;aerobic
14;aeroplane;lentokone
15;afraid_lady;nainen peloissaan
16;afraid_man;mies peloissaan
17;after;perässä
18;afternoon;iltapäivä
19;aftershave;partavesi
20;aftershave_1;partavesi
21;against;vastaan
22;ahead;edessä
23;air_person_1a;lentäjä 
24;air_person_1b;lentäjä 
25;air_person_2a;Lentäjä 
26;air_person_2b;lentäjä 
27;air_steward_1a;lentoemäntä 
28;air_steward_1b;lentoemäntä 
29;air_steward_2a;lentoemäntä 
30;air_steward_2b;lentoemäntä 
31;airways;hengityskanava
32;algebra_class;matematiikka
33;algebra_formula;matematiikan kaava
34;almond;manteli
35;ambulance;ambulanssi
36;angel;enkeli
37;angry_lady;vihainen nainen
38;angry_man;vihainen mies
39;ankle;nilkka
40;answer;vastaus
41;ant;muurahainen
42;ant_eater;muurahaiskarhu
43;antelope;antilooppi
44;apple;omena
45;apple_juice;omena mehu
46;apricot;aprikoosi
47;apron;esiliina
48;aquarium;akvaario
49;arch_lever_file;mappi
50;archery;jousiammunta
51;archery_target;Jousiammunta maali
52;arm;käsi
53;arm_chair;nojatuoli
54;arms;kädet
55;armwrestle_,_to;kädenvääntö
56;army_tank;panssarivaunu
57;around;ympärillä
58;arrow_keys;nuolinäppäimet
59;art;taide
60;art_class;kuvaamataito
61;art_room;kuvaamataidon luokka
62;artichoke;artisokka
63;artist_palette;paletti
64;Ash_Wednesday;tuhkakeskiviikko
65;asparagus;parsa
66;assembly;kokous
67;at_key;ät-merkki
68;atom;atomi
69;aubergine;munakoiso
70;aunt_maternal;täti
71;aunt_paternal;täti
72;auroscope;otoskooppi
73;autumn;syksy
74;avocado;avokado
75;awake;hereillä
76;away;poissa
77;B;B
78;b_-_lower_case;b
79;baby;vauva
80;baby_oil;vauvaöljy
81;baby_powder;vauvatalkki
82;back;selkä
83;back_1;selkä
84;back_ache;selkäkipu
85;back_garden;takapiha
86;backstop;taustaverkko
87;backwards;taaksepäin
88;bacon;pekoni
89;bad;huono
90;badger;mäyrä
91;badger_2;mäyrä
92;badminton;sulkapallo
93;badminton_racket;tennismaila
94;bagel;bageli
95;bagel_2;bageli
96;bake_,_to;leipoa
97;baked_beans;keitetyt pavut
98;baked_beans_2;keitetyt pavut
99;baker_1a;leipuri 
100;baker_1b;leipuri 
101;baker_2a;leipuri 
102;baker_2b;leipuri 
103;baking_powder;leivinjauhe
104;baking_tray;uunipelti
105;ball;pallo
106;ball_beach;rantapallo
107;ball_pool;pallomeri
108;balloon;ilmapallo
109;banana;banaani
110;banana_bunch;banaaniterttu
111;bank;pankki
112;bank_card;luottokortti
113;banquet_buffet;juhlabuffet
114;bap;voisämpylä
115;barbeque;grilli
116;barbeque_,_to;grillata
117;base_rock;kallioperä
118;baseball_base;pesä
119;baseball_bat;pesäpallomaila
120;baseball_game;pesäpallo
121;baseball_glove;pesäpalloräpylä
122;baseball_player;pesäpalloilija
123;basket;kori
124;basket_2;kori
125;basketball;koripallo
126;basketball_ball;koripallo
127;basketball_game;koripallopeli
128;bat;maila
129;bath;kylpyamme
130;bath_animal_,_to;kylvettää eläin
131;bath_mat;kylpyhuoneen matto
132;bathe_,_to;kylpeä
133;battery_1;paristo
134;battery_1a;paristo
135;battery_2;paristo
136;battery_2a;paristo
137;beach;ranta
138;beach_bag;rantakassi
139;beach_towel;rantapyyhe
140;beads;helmet
141;beak;nokka
142;beaker_1;dekantterilasi
143;beaker_2;dekantterilasi
144;beanbag;säkkituoli
145;beans_on_toast;papuvoileipä
146;beansprouts;pavunversot
147;bear;karhu
148;bed_four_poster;pylvässänky
149;bed_time;nukkumaanmenoaika
150;bee_bumble;kimalainen
151;bee_honey;mehiläinen
152;beef;naudanliha
153;beehive;mehiläispesä
154;beer;olut
155;bees_nest;mehiläispesä
156;beetle;koppakuoriainen
157;beetroot;punajuuri
158;before;edessä
159;begin_start;aloittaa
160;behind;takana
161;bell;kello
162;below;alla
163;belt;vyö
164;bench;penkki
165;bendy;taivutettava
166;bendy_1;taivuttaa
167;berry;marja
168;beside_next_to;vieressä
169;between;välissä
170;bib;ruokalappu
171;bicycle;polkupyörä
172;big_mac_switch;kytkin
173;big_wheel;maailmanpyörä
174;bikini;bikinit
175;bin_bag;roskapussi
176;bin_bags;roskapussit
177;bingo;bingo
178;bingo_marker;merkkauskynä
179;bird;lintu
180;bird_bath;lintuallas
181;bird_cage;lintuhäkki
182;bird_feeder;lintulauta
183;bird_seed;linnunsiemen
184;birthday_cake;syntymäpäiväkakku
185;birthday_card;syntymäpäiväkortti
186;biscuit_chocolate_chip;suklaakeksi
187;biscuits;keksit
188;black;musta
189;blackberry;karhunvatukka
190;blackboard;liitutaulu
191;blackcurrant_juice;mustaherukkamehu
192;blackcurrants;mustaherukka
193;bladder;virtsarakko
194;bladder_kidneys;virtsatiet
195;blanket;huopa
196;blanket_chest;säilytyslaatikko
197;blender_drinks;tehosekoitin
198;bless_,_to;siunata
199;blind;sokea
200;blind_2;sokea
201;blinds;sälekaihtimet
202;blood_pressure;verenpaine
203;blouse;pusero
204;blue;sininen
205;blue_dark;tummansininen
206;blue_light;vaaleansininen
207;blusher;poskipuna
208;boat;vene
209;bobble_hat;tupsupipo
210;boccia;boccia
211;boccia_chute;boccia-kouru
212;body_outline;keho
213;bolt;pultti
214;bone;luu
215;bone_2;luu
216;bonfire;kokko
217;Bonfire_Night;juhannusyö
218;book_end;kirjanpidin
219;book_ends;kirjanpitimet
220;book_shelf;kirjahylly
221;bookcase;kirjahylly
222;bootees;tossut
223;boots;saappaat
224;both;molemmat
225;bottom;alapuoli
226;bottom_2;alimmainen
227;bottom_3;peppu
228;bow;rusetti
229;bow_and_arrow;jousi ja nuoli
230;bow_tie;solmuke
231;bowl;kulho
232;bowler_1;keilaaja
233;bowling;keilailu
234;bowling_ball;keilapallo
235;bowling_gutter;ränni
236;bowling_pins;keilat
237;bowling_spare;paikkoheitto
238;bowling_strike;kaato
239;boxer_shorts;bokserit
240;Boxing_Day;tapaninpäivä
241;bra;rintaliivit
242;bracelet_1;käsirengas
243;bracelet_2;käsirengas
244;brain;aivot
245;branch;oksa
246;brazil_nut;parapähkinä
247;bread;leipä
248;bread_crumbs;leivänmurut
249;bread_roll;sämpylä
250;bread_roll_2;sämpylä
251;bread_roll_3;sämpylä
252;bread_roll_filled;täytetty sämpylä
253;bread_roll_granary;kokojyväsämpylä
254;bread_slice;leipäviipale
255;bread_sliced;viipaloitu leipä
256;breafkfast_continental_1;aamiainen
257;breafkfast_continental_2;aamiainen
258;breafkfast_fried;aamiainen
259;break_,_to;rikkoa
260;break_2;katkaista
261;break_egg_,_to;rikkoa kananmuna
262;break_time_1;tauko
263;break_time_2;välitunti
264;breakfast_1;aamiainen
265;breakfast_2;aamiainen
266;breakfast_3;aamiainen
267;breakfast_4;aamiainen
268;breakfast_5;aamiainen
269;breakfast_6;aamiainen
270;breakfast_time;aamiaisaika
271;breakfast_time_1;aamiaisaika
272;bricks;palikat
273;bridle;suitset
274;briefcase_1;salkku
275;briefcase_2;salkku
276;bright;kirkasvalo
277;bright_room;valoisa huone
278;broad_beans;härkäpavut
279;broccoli;parsakaali
280;broken;rikki
281;broken_bone;murtunut luu
282;brooch;rintaneula
283;broom;luuta
284;broomstick;luudanvarsi
285;brother;veli
286;brown;ruskea
287;brush_animal_,_to;turkin harjaus
288;brush_hair_,_to;harjata hiukset
289;brush_teeth_,_to;harjata hampaat
290;brussel_sprouts;ruusukaali
291;bubble_bath;kylpyvaahto
292;bubble_gum_-_blow;purukumi
293;bubble_mixture;saippuakuplavesi
294;bubble_wand;saippuakuplalaite
295;bubble_wrap;kuplamuovi
296;bubbles;saippuakuplat
297;bubbles_blow;puhaltaa saippuakuplia
298;bucket;ämpäri
299;buckle;solki
300;bud;silmu
301;budgie;undulaatti
302;buffalo;puhveli
303;bulb_holder;lampunpidin
304;bulb_holder_2;lampunpidin
305;bumpy;pomppuinen
306;bun_-_hot_cross;pulla
307;bun_currant;rusinapulla
308;bunk_beds;kerrossänky
309;burn;palaa
310;bus;bussi
311;bus_double_decker;kaksikerrosbussi
312;bus_single_decker;linja-auto
313;bush;pensas
314;busy;kiireinen
315;butter;voi
316;butterfly;perhonen
317;butternut_squash;kurpitsa
318;button;nappi
319;C;C
320;c_-_lower_case;c
321;cabbage;kaali
322;cable_tv;kaapelitv
323;cactus;kaktus
324;cafe;kahvila
325;cafe_2;kahvila
326;cage;häkki
327;cake;kakku
328;cake_bar;keksi
329;cake_case;muffinivuoka
330;cake_cup_cake;kuppikakku
331;cake_mix;kakkuainekset
332;cake_slice;kakkupala
333;cake_slice_2;kakkupala
334;cake_sponge;sokerikakku
335;cake_tin;kakkuvuoka
336;calculator;laskin
337;calendar;kalenteri
338;calendar_month;kalenterikuukausi
339;calf;vasikka
340;camel;kameli
341;camera;kamera
342;camera_compact;järjestelmäkamera
343;camera_SLR;kamera
344;can_opener;purkinavaaja
345;can_opener_electric;purkinavaaja
346;candle_2;kynttilä
347;candy_cane;karkkikeppi
348;candy_floss;hattara
349;candy_hearts;karkkisydämet
350;canoe;kanootti
351;cap;lippalakki
352;car;auto
353;car_2;auto
354;car_boot;tavaratila
355;car_bumper;puskuri
356;car_mechanic_1a;automekaanikko
357;car_mechanic_1b;automekaanikko
358;car_mechanic_2a;automekaanikko
359;car_mechanic_2b;automekaanikko
360;car_toy;leluauto
361;car_transporter;autonkuljetusauto
362;caravan;matkailuvaunu
363;carbohydrates;hiilihydraatit
364;card;kortti
365;cardboard;pahvi
366;care_assistant_1a;avustaja
367;care_assistant_1b;avustaja
368;care_assistant_2a;avustaja
369;care_assistant_2b;avustaja
370;care_assistant_3a;avustaja
371;care_assistant_3b;avustaja
372;care_assistant_4a;avustaja
373;care_assistant_4b;avustaja
374;care_assistant_5a;avustaja
375;care_assistant_5b;avustaja
376;care_assistant_6a;avustaja
377;care_assistant_6b;avustaja
378;caretaker_1a;ohjaaja
379;caretaker_1b;ohjaaja
380;caretaker_2a;ohjaaja
381;caretaker_2b;ohjaaja
382;carol_singer;kuorolaulaja
383;carpenter_1a;puuseppä
384;carpenter_1b;puuseppä
385;carpenter_2a;puuseppä
386;carpenter_2b;puuseppä
387;carrot;porkkana
388;cart;kärry
389;carton_1;purkki
390;carton_2;purkki
391;cash_point;raha-automaatti
392;cashew;cashew
393;casserole;pata
394;casserole_1;vihannespata
395;casserole_2;lihapata
396;cassette_tape;kasetti
397;castle;linna
398;castor_sugar;tomusokeri
399;cat;kissa
400;cat_bed;kissanpeti
401;cat_biscuits;kissan keksit
402;cat_food;kissanruoka
403;caterpillar;toukka
404;catherine_wheel;viuhka
405;cauliflower;kukkakaali
406;cctv;valvontakamera
407;CD_player_personal;CD soitin
408;ceiling;katto
409;ceiling_light;kattolamppu
410;celebrate_2_,_to;juhlia
411;celebrate_3_,_to;juhlia
412;celebrate_birthday;juhlia syntymäpäivää
413;celebration;juhlat
414;celeriac;selleri
415;celery;lehtiselleri
416;cement_mixer;betonimylly
417;centipede;tuhatjalkainen
418;cereal;aamiaismurot
419;cereal_bowl;murokulho
420;cereal_box_bran;murolaatikko
421;cereal_box_museli;myslilaatikko
422;cereal_bran;murot
423;cereal_museli;mysli
424;certificate;todistus
425;chair;tuoli
426;chair_computer;toimistotuoli
427;chair_dining;ruokatuoli
428;chair_wing_back;nojatuoli
429;chaise_lounge;rahi
430;chalk;liitutaulu
431;chameleon;kameleontti
432;champagne;samppanja
433;chandelier;kattokruunu
434;change_nappy_,_to;vaihtaa vaippa
435;change_tv_channel_,_to;vaihtaa kanava
436;channel_bbc_1;tv kanava
437;chapatti;chapati
438;charge;varaus
439;charger_electric;laturi
440;cheek;poski
441;cheese;juusto
442;cheese_brie;brie-juusto
443;cheese_burger;juustohampurilainen
444;cheese_grated;juustoraaste
445;cheese_on_toast_,_melted;juustoleipä
446;cheese_slices;viipalejuusto
447;cheese_stilton;homejuusto
448;cheetah;gebardi
449;cheque_book;sekkivihko
450;cherry;kirsikka
451;chest_female;rintakehä
452;chest_male;rintakehä
453;chest_of_drawers;lipasto
454;chestnuts;kastanja
455;chewing_gum;purukumi
456;chewy_tube;purulelu
457;chick;tipu
458;chicken;kana
459;chicken_breast;kanan rintapala
460;chicken_deep_fried;friteerattu kana
461;chicken_house;kanala
462;chicken_leg;kanankoipi
463;chicken_live;kana
464;chicken_nuggets;kananugetit
465;chicken_pieces;kananliha
466;chicken_run;kananjuoksu
467;childrens_tv;lasten kanava
468;chilli_pepper;chili
469;chimney;savupiippu
470;chimpanzee;simpanssi
471;chin;leuka
472;chinese_cabbage;kiinankaali
473;chinese_food;kiinalainen ruoka
474;chip_and_pin_device;maksupääte
475;chipmunk;maaorava
476;chipmunk_2;maaorava
477;chipmunk_3;maaorava
478;chips;ranskalaiset perunat
479;chips_packet;ranskalaiset perunat
480;chisel;taltta
481;chocolate;suklaa
482;chocolate_bar;suklaalevy
483;chocolate_box;konvehtit
484;chocolate_chips;suklaamuru
485;chocolate_egg;suklaamuna
486;chocolate_log;kääretorttu
487;chop_,_to;pilkkoa
488;chopping_board;leikkuulauta
489;Christian;kristitty
490;Christmas;joulu
491;Christmas_bauble;kuusenkoriste
492;Christmas_bell;joulukello
493;Christmas_cake;joulukakku
494;Christmas_Day;joulupäivä
495;Christmas_decorations;joulukoristeet
496;Christmas_Eve;jouluaatto
497;Christmas_lights;jouluvalot
498;Christmas_pudding;jouluvanukas
499;Christmas_sock;joulusukka
500;Christmas_tree;joulukuusi
501;Christmas_wreath;jouluseppele
502;church;kirkko
503;cigarette;tupakka
504;circle;ympyrä
505;circle_time;ryhmätyö
506;circuit;piiri
507;clamp;puristin
508;class_room;luokkahuone
509;claw;kynsi
510;clay;savi
511;clean_dishes;tiskata
512;clean_hands;pestä kädet
513;clean_room;puhdas huone
514;clean_shoes_,_to;puhdistaa kengät
515;clean_window_,_to;pestä ikkuna
516;cleaner_1a;siivooja
517;cleaner_1b;siivooja
518;cleaner_2a;siivooja
519;cleaner_2b;siivooja
520;cleaner_spray;pesuaine
521;cleaning_box;siivousvälineet
522;climbing_rock;vuorikiipeily
523;climbing_wall;kiipeilyseinä
524;clingfilm;talouskelmu
525;clip_nails_,_to;leikata kynnet
526;clipboard;kirjoituslevy
527;clock;kello
528;clock_radio;kelloradio
529;close_to;lähellä
530;closed;suljettu
531;closed_shop;suljettu kauppa
532;clothes_extra_large;erittäin isot vaatteet
533;clothes_female;naisten vaatteet
534;clothes_generic;vaatteet
535;clothes_hanger;henkari
536;clothes_large;isot vaatteet
537;clothes_male;miesten vaatteet
538;clothes_medium;keskikokoiset vaatteet
539;clothes_neat;siistit vaatteet
540;clothes_peg;pyykkipoika
541;clothes_small;pienet vaatteet
542;cloudy;pilvinen
543;clover;apila
544;coach;bussi
545;coat;päällystakki
546;coated_spoon;lusikka
547;cockatiel;neitokakadu
548;cockerel;kukonpoika
549;coconut;kookospähkinä
550;coffee;kahvi
551;coffee_instant;pikakahvi
552;coffee_maker;kahvinkeitin
553;coffee_table;kahvipöytä
554;colander;siivilä
555;collar_1;kaulus
556;collar_pet;kaulapanta
557;colour;väri
558;coloured_paper;väripaperi
559;colouring_book;värityskirja
560;comb;kampa
561;comb_animal_,_to;harjata 
562;comedy_tv;komedia
563;comet;komeetta
564;communication_aid;kommunikointilaite
565;communication_aid_2;kommunikointilaite
566;communication_aid_chat_2;kommunikointilaite
567;communication_aid_gotalk_9p;kommunikointilaite gotalk
568;communication_aid_listen_to_me;kommunikointilaite
569;communication_aid_scan4;kommunikointilaite
570;communication_aid_techspeak_32;kommunikointilaite techspeak
571;communication_board;kommunikointitaulu
572;communication_book;kummunikointitaulusto
573;communication_book_portable;kommunikointikansio
574;communication_device;kommunikaatiolaite
575;computer_1;tietokone
576;computer_2;tietokone
577;computer_art;tietokonegrafiikka
578;computer_cable;johto
579;computer_folder_open;kansio
580;computer_folder_open_,_to;avaa kansio
581;computer_game;tietokonepeli
582;computer_game_2;tietokonepeli
583;computer_keyboard;näppäimistö
584;computer_monitor;monitori
585;computer_mouse_1;hiiri
586;computer_mouse_2;hiiri
587;computer_programme;ohjelmisto
588;computer_speaker;kaiutin
589;concentrating_lady;keskittyä
590;concentrating_man;keskittyä
591;confused_lady;hämmentyä
592;confused_man;hämmentyä
593;conical_flask;sekoitusastia
594;connection;yhteys
595;cook_,_to;kokata
596;cook_chef_1a;kokki
597;cook_chef_1b;kokki
598;cook_chef_2a;kokki
599;cook_chef_2b;kokki
600;cook_school_1a;koulun kokki
601;cook_school_1b;koulun kokki
602;cooker;liesi
603;cooking_oil;ruokaöljy
604;copy;kopioida
605;corned_beef;säilykeliha
606;corner_cabinet;kulmakaappi
607;corner_cabinet_2;kulmakaappi
608;cornet;tuutti
609;cornflakes;aamiaismurot
610;correct;oikea
611;correct_thought;oikein ajateltu
612;cot;pinnasänky
613;cottage_cheese;raejuusto
614;cotton_bud;vanupuikko
615;counters;pelikolikot
616;country_Afghanistan;maa Afganistan
617;country_Alaska;maa Alaska
618;country_Albania;maa Albania
619;country_Alderney;maa Alderney 
620;country_Algeria;maa Algeria
621;country_American_Samoa;maa Amerikan Samoa
622;country_Andorra;maa Andorra
623;country_Angola;maa Angola
624;country_Anguilla;maa Anguilla
625;country_Antartica;Etelämanner
626;country_Antigua_Barbuda;maa Antigua ja Barbuda
627;country_Argentina;maa Argentiina
628;country_Armenia;maa Armenia
629;country_Aruba;maa Aruba
630;country_Austria;maa Itävalta
631;country_Azerbaijan;maa Azerbaidzan
632;country_Bahrain;maa Bahrain
633;country_Bangladesh;maa Bangladesh
634;country_Barbados;maa Barbados
635;country_Belarus;maa Valko-Venäjä
636;country_Belgium;maa Belgia
637;country_Belize;maa Belize
638;country_Benin;maa Benin
639;country_Bermuda;maa Bermuda
640;country_Bhutan;maa Bhutan
641;country_blank;maa tyhjä
642;country_Bonaire;maa Bonaire
643;country_Bosnia_Herzegovina;maa Bosnia-Hertsegovina
644;country_Botswana;maa Botswana
645;country_Bulgaria;maa Bulgaria
646;country_Burkina_Faso;maa Burkina Faso
647;country_Burundi;maa Burundi
648;country_Cambodia;maa Kambodza
649;country_Cameroon;maa Cameron
650;country_Canada;maa Kanada
651;country_Canary_Islands;maa Kanariansaaret
652;country_Cape_Verde;maa Kap Verde
653;country_Cayman_Islands;maa Caymansaaret
654;country_Chad;maa Tsad
655;country_Chile;maa Chile
656;country_China;maa Kiina
657;country_Colombia;maa Kolumbia
658;country_Comoros;maa Komorit
659;country_Congo_Brazzaville;maa Kongo-Brazzaville
660;country_Congo_Kinshasa;maa Kongon demokraattinen tasavalta
661;country_Costa_Rica;maa Costa Rica
662;country_Croatia;maa Kroatia
663;country_Cuba;maa Kuuba
664;country_Cyprus;maa Kypros
665;country_Denmark;maa Tanska
666;country_Djbouti;maa Djibouti
667;country_Dominican_Republic;maa Dominikaaninen tasavalta
668;country_Ecuador;maa Ecuador
669;country_England;maa Englanti
670;country_Eritrea;maa Eritrea
671;country_Estonia;maa Viro
672;country_Ethiopia;maa Etiopia
673;country_Falkland_Islands;maa Falklandinsaaret
674;country_Finland;maa Suomi
675;country_France;maa Ranska
676;country_Gabon;maa Gabon
677;country_Georgia;maa Georgia
678;country_Germany;maa Saksa
679;country_Ghana;maa  Ghana
680;country_Gibraltar;maa Gibraltar
681;country_Greece;maa Kreikka
682;country_Greenland;maa Grönlanti
683;country_Grenada;maa Grenada
684;country_Guernsey;maa Guernsey
685;country_Guinea;maa Guinea
686;country_Guinea_Bissau;maa Guinea-Bissau
687;country_Guyana;maa Guyana
688;country_Haiti;maa Haiti
689;country_Hawaii;maa Hawaiji
690;country_Honduras;maa Honduras
691;country_Hong_Kong;maa Hong Kong
692;country_Hungary;maa Unkari
693;country_Iceland;maa Islanti
694;country_India;maa Intia
695;country_Indonesia;maa Indonesia
696;country_Iran;maa Iran
697;country_Iraq;maa Irak
698;country_Ireland;maa Irlanti
699;country_Isle_of_Man;maa Mansaari
700;country_Israel;maa Israel
701;country_Italy;maa Italia
702;country_Ivory_Coast;maa Norsunluurannikko
703;country_Jamaica;maa Jamaica
704;country_Japan;maa Japani
705;country_Jersey;maa Jersey
706;country_Jordan;maa Jordania
707;country_Kazakhstan;maa Kazakstan 
708;country_Kenya;maa Kenia
709;country_Kosovo;maa Kosovo
710;country_Kuwait;maa Kuwait
711;country_Kyrgyzstan;maa Kirgisia
712;country_Laos;maa Laos
713;country_Latvia;maa Latvia
714;country_Lebanon;maa Libanon
715;country_Lesotho;maa Lesotho
716;country_Liberia;maa Liberia
717;country_Libya;maa Libya
718;country_Liechtenstein;maa Liechtenstein
719;country_Lithuania;maa Liettua
720;country_Luxembourg;maa Luxemburg
721;country_Macedonia;maa Pohjois-Makedonia
722;country_Madagascar;maa Madagaskar
723;country_Malaysia;maa Malesia
724;country_Maldives;maa Malediivit
725;country_Mali;maa Mali
726;country_Marshall_Islands;maa Marshallinsaaret
727;country_Mauritania;maa Mauritania
728;country_Mauritius;maa Mauritius
729;country_Moldova;maa Moldova
730;country_Monaco;maa Monaco
731;country_Mongolia;maa Mongolia
732;country_Morocco;maa Marokko
733;country_Namibia;maa Namibia
734;country_Nauru;maa Nauru
735;country_Nepal;maa Nepal
736;country_New_Caledonia;maa Uusi-Kaledonia
737;country_New_Zealand;maa Uusi-Seelanti
738;country_Niger;maa Niger
739;country_Nigeria;maa Nigeria
740;country_Niue;maa Niue
741;country_North_Korea;maa Pohjois-Korea
742;country_Northern_Cyprus;maa Pohjois-Kypros
743;country_Norway;maa Norja
744;country_Oman;maa Oman
745;country_Pakistan;maa Pakistan
746;country_Palau;maa Palau
747;country_Palestine;maa Palestiina
748;country_Panama;maa Panama
749;country_Papua_New_Guinea;maa Papua-Uusi-Guinea
750;country_Paraguay;maa Paraguay
751;country_Pitcairn_Islands;maa Pitcairnsaaret
752;country_Qatar;maa Qatar
753;country_Romania;maa Romania
754;country_Russian_Federation;maa Venäjä
755;country_Rwanda;maa Ruanda
756;country_Samoa;maa Samoa
757;country_Sao_Tome_Principe;maa Sao Tome ja Principe
758;country_Saudi_Arabia;maa Saudi-Arabia
759;country_Scotland;maa Skotlanti
760;country_Senegal;maa Senegal
761;country_Seychelles;maa Seychellit
762;country_Sierra_Leone;maa Sierra Leone
763;country_Singapore;maa Singapore
764;country_Slovenia;maa Slovenia
765;country_Solomon_Islands;maa Salomonsaaret
766;country_Somalia;maa Somalia
767;country_Somaliland;maa Somalimaa
768;country_South_Africa;maa Etelä-Afrikka
769;country_South_Korea;maa Etelä-Korea
770;country_Sri_Lanka;maa Sri Lanka
771;country_St._Kitts_and_Nevis;maa Saint Kitts ja Nevis
772;country_St_Vincent_Grenadines;maa Saint Vincent ja Grenadiinit
773;country_Suriname;maa Surinam
774;country_Sweden;maa Ruotsi
775;country_Switzerland;maa Sveitsi
776;country_Syria;maa Syyria
777;country_Taiwan;maa Taiwan
778;country_Tanzania;maa Tansania
779;country_Thailand;maa Thaimaa
780;country_The_Azores;maa Azorit
781;country_The_Bahamas;maa Bahama
782;country_The_Czech_Republic;maa Tsekki
783;country_The_Faroe_Islands;maa Färsaaret
784;country_The_Gambia;maa Gambia
785;country_The_Netherlands;maa Alankomaat
786;country_The_Sudan;maa Sudan
787;country_Togo;maa Togo
788;country_Trinidad_and_Tobago;maa Trinidad ja Tobago
789;country_Tunisia;maa Tunisia
790;country_Turkey;maa Turkki
791;country_Ukraine;maa Ukraina
792;country_United_Arab_Emirates;maa Arabiemiirikunnat
793;country_United_Kingdom;maa Yhdistyneet kuningaskunnat
794;country_United_States;maa USA
795;country_Uzbekistan;maa Uzbekistan
796;country_Vanuatu;maa Vanuatu
797;country_Venezuela;maa Venezuela
798;country_Viet_Nam;maa Vietnam
799;country_Wakes_Island;maa Wake
800;country_Wales;maa Wales
801;country_Western_Sahara;maa Länsi-Sahara
802;country_Yemen;maa Jemen
803;country_Zambia;maa Sambia
804;courgette;kesäkurpitsa
805;cover_food_,_to;peittää ruoka
806;cow;lehmä
807;cow_shed;lato
808;crab;rapu
809;cracker;paukkukaramelli
810;craft_table;askartelupöytä
811;cranberries;karpalo
812;cranberry_juice;karpalomehu
813;crane;nosturi
814;crane_fly;hyttynen
815;crayon;värikynä
816;cream;kerma
817;cream_2;kermavaahto
818;cream_ointment;hoitovoide
819;creme_fraiche;creme fraiche
820;cricket;heinäsirkka
821;cricket_2;sirkka
822;cricket_ball;krikettipallo
823;cricket_bowler;kriketinpelaaja
824;crisp_bread;näkkileipä
825;crisps;sipsit
826;crisps_cheese_puffs;juustonaksut
827;crocodile;krokotiili
828;crocodile_2;krokotiili
829;croissant;kroissantti
830;crooked;kiero
831;cross;risti
832;cross_palm;ristipuu
833;crown;kruunu
834;crown_of_thorns;orjantappurakruunu
835;Crucifixion;ristiinnaulitseminen
836;cruiser;risteilijä
837;crunchy;rapea
838;crush_,_to;murskata
839;crush_garlic_,_to;valkosipulin murskaus
840;crutches;kainalosauvat
841;crutches_1;kainalosauvat
842;cucumber;kurkku
843;cup_non_spill;nokkamuki
844;cupboard;kaappi
845;curly;kiharainen
846;curly_hair;kiharat hiukset
847;currants;herukat
848;curry;curry
849;curtains;verhot
850;cushion_2;sohvatyyny
851;cut;leikata
852;cut_and_paste;leikkaa ja liimaa
853;cycle_,_to;pyöräillä
854;cycle_helmet;pyöräilykypärä
855;cymbals_hand;symbaalit
856;D;D
857;d_-_lower_case;d
858;dad_parent;isä
859;daffodil;narsissi
860;dairy_products;meijerituotteet
861;daisy;päivänkakkara
862;danish_pastry;viineri
863;darts;tikat
864;date;vuorokausi
865;dates;taatelit
866;daughter;tytär
867;day;päivä
868;dead;kuollut
869;dead_plant;kuollut kasvi
870;decorate_cake_,_to;kuorrutttaa
871;decorate_tree_,_to;koristella
872;deep;syvä
873;deep_fat_fryer;friteerauskeitin
874;deer;peura
875;delicious_drink;herkullinen juoma
876;delicious_food;herkullinen ruoka
877;delivery_person_1a;postinjakaja
878;delivery_person_1b;varastomies
879;delivery_person_2a;varastomies
880;delivery_person_2b;varastomies
881;delivery_trolley;nokkakärryt
882;dental_floss;hammaslanka
883;dentist_1a;hammaslääkäri
884;dentist_1b;hammaslääkäri
885;dentist_2a;hammaslääkäri
886;dentist_2b;hammaslääkäri
887;deodorant;deodorantti
888;deodorant_spray;deodorantti
889;desiring_lady;halukas
890;desiring_man;halukas
891;desk;pöytä
892;dessert;jälkiruoka
893;dessert_menu;jälkiruokalista
894;diamond;ruutu
895;dice_,_to;kuutioida
896;dictionary;sanakirja
897;dining_table;ruokapöytä
898;dinner;ateria
899;dinner_2_people;ruokailu 2 ihmistä
900;dinner_3_people;ruokailu 3 ihmistä
901;dinner_cold;kylmä ateria
902;dinner_hot;kuuma ateria
903;dinner_lady_1a;keittäjä
904;dinner_lady_1b;keittäjä
905;dinner_time;päivällisaika
906;dinner_time_1;päivällisaika
907;dinosaur;dinosaurus
908;dip_food_,_to;dipata
909;dirty;likainen
910;dirty_dishes;likaiset astiat
911;disabled_sign;invalidi-merkki
912;disabled_toilet;invavessa
913;disgusted_lady;inhottava
914;disgusted_man;inhottava
915;dish;kulho
916;dish_cloth;astiapyyhe
917;dish_partitioned;lautanen
918;dishes;tiskit
919;dishwasher;tiskikone
920;dishwasher_powder;tiskiaine
921;dive_2_,_to;uimahyppy
922;divide;jakomerkki
923;doctor_1a;lääkäri
924;doctor_1b;lääkäri
925;doctor_2a;lääkäri
926;doctor_2b;lääkäri
927;dog;koira
928;dog_basket;koirankori
929;dog_bed;koiranpeti
930;dog_biscuits;koirankeksi
931;dog_chew;puruluu
932;dog_coat;koiran takki
933;dog_food;koiranruoka
934;dog_kennel;koirankoppi
935;doidy_cup;muki
936;doll;nukke
937;dolphin;delfiini
938;donkey;aasi
939;door;ovi
940;door_2;ovi
941;double_bed;parisänky
942;doughnut;munkki
943;dove;kyyhkynen
944;down;alas
945;download;tiedoston lataus
946;dragonfly;sudenkorento
947;draining_board;tiskiallas
948;drama;näytelmä
949;drama_class;esiintymistaito
950;drawer;lipasto
951;drawing_pin;nasta
952;dress;mekko
953;dresser;lipasto
954;dressing_gown;aamutakki
955;dressing_table;kampauspöytä
956;dribble_football_,_to;jalkapallo harhautus
957;drill_bit;poranterä
958;drill_electric;sähköpora
959;drink;juoma
960;drink_,_to;juoda
961;drink_cold;kylmä juoma
962;drink_cold_2;kylmä juoma
963;drink_consistency_firm_spoon;juomalusikka
964;drink_consistency_honey_cup;juomalusikka
965;drink_consistency_juice_straw;juomalusikka
966;drink_hot;kuuma juoma
967;drink_hot_2;kuuma juoma
968;drink_large;iso juoma
969;drink_medium;keskikokoinen juoma
970;drink_small;pieni juoma
971;drinks;juomat
972;dropper_pipette;pipetti
973;drum;rumpu
974;drumsticks;rumpukapulat
975;dry;kuiva
976;dry_face_,_to;kuivata
977;dry_hair_,_to;hiusten kuivaus
978;dry_hair_2_,_to;hiusten kuivaus
979;dry_hands_,_to;käsien kuivaus
980;dry_hands_2_,_to;käsien kuivaus
981;duck;sorsa
982;dumper_truck;kippiauto
983;dust_,_to;pölynpyyhintä
984;DVD_player;DVD soitin
985;DVD_player_portable;DVD soitin
986;dysphagia_cup;dysfagia-muki
987;dysphagia_cup_2;dysfagia-muki
988;dysphagia_cup_3;dysfagia-muki
989;E;E
990;e_-_lower_case;e
991;ear;korva
992;ear_muffs;korvaläpät
993;earrings;korvakorut
994;Earth;maa
995;Earth_crust;maapallon kuori
996;Earth_inner_core;sisäydin
997;Earth_mantle;vaippa
998;Earth_outer_core;ulkoydin
999;Earths_atmosphere;ilmakehä
1000;earthworm;kastemato
1001;earwig;pihtihäntäinen
1002;east;itä
1003;Easter_egg;pääsiäismuna
1004;Easter_egg_hunt;pääsiäismunan metsästys
1005;egg;kananmuna
1006;egg_boiled;keitetty kananmuna
1007;egg_cup;munakuppi
1008;egg_fried;paistettu kananmuna
1009;egg_on_toast;kananmunaleipä
1010;egg_white;valkuainen
1011;egg_yolk;keltuainen
1012;eggs;kananmunat
1013;eggs_scrambled;munakokkeli
1014;eight;kahdeksan
1015;eight_dots;kahdeksan pistettä
1016;eighteen;kahdeksantoista
1017;eighth;kahdeksasosa
1018;eighty;kahdeksankymmentä
1019;either;kumpikaan
1020;elbow;kyynärpää
1021;elearning;e-oppiminen
1022;elephant;elefantti
1023;eleven;yksitoista
1024;elf;tonttu
1025;emagazine;sähköinen lehti
1026;email;sähköposti
1027;email_attachment;sähköpostin liite
1028;email_send_,_to;lähettää sähköposti
1029;emery_board;viila
1030;empty;tyhjä
1031;energy_monitor;sähkömittari
1032;engine;moottori
1033;english;äidinkieli
1034;english_class;äidinkielen tunti
1035;enough;tarpeeksi
1036;enter_,_to;mennä sisään
1037;enter_door_,_to;tulla sisään
1038;envelope;kirjekuori
1039;escalator;liukuportaat
1040;even;tasaisesti
1041;every;jokainen
1042;excited_lady;innostunut
1043;excited_man;innostunut
1044;exercise_,_to;harjoitella
1045;exit_,_to;poistua
1046;exit_door_,_to;poistua
1047;extension_lead;jatkojohto
1048;extra;ylimääräinen
1049;extra_2;ylimääräinen
1050;extra_large;erittäin suuri
1051;eye;silmä
1052;eye_drops;silmätipat
1053;eye_shadow;luomiväri
1054;eyebrow;kulmakarva
1055;eyebrow_bushy;tuuheat kulmakarvat
1056;eyebrow_pencil;kulmakynä
1057;eyelash;ripset
1058;eyelash_curler;ripsentaivutin
1059;eyes;silmät
1060;eyes_blue;siniset silmät
1061;eyes_brown;ruskeat silmät
1062;eyes_closed;silmät kiinni
1063;eyes_green;vihreät silmät
1064;F;F
1065;f_-_lower_case;f
1066;fabric;kangas
1067;face_neutral_3;kasvot
1068;fairy;haltia
1069;family;perhe
1070;family_2;perhe
1071;fancy;hieno
1072;fangs;torahampaat
1073;farmer_1a;viljelijä
1074;farmer_1b;viljelijä
1075;farmer_2a;viljelijä
1076;farmer_2b;viljelijä
1077;fast_2;nopea
1078;fat;lihava
1079;Father_Christmas;joulupukki
1080;Father_Christmas_sack;joulupukin lahjasäkki
1081;fats;rasvat
1082;fats_high;korkearasvainen
1083;fats_low;vähärasvainen
1084;favourite;suosikki
1085;fax_machine;faksi
1086;feather;höyhen
1087;features_facial;kasvon ominaisuudet
1088;feed_cat_,_to;ruokkia kissa
1089;feed_dog_,_to;ruokkia koira
1090;feet;jalat
1091;felt_tips;huopakynät
1092;female_body;keho
1093;female_side;profiili
1094;fennel;fenkoli
1095;ferret;fretti
1096;ferry;autolautta
1097;fibre_optic_lamp;valokuitulamppu
1098;field;pelto
1099;fifteen;viisitoista
1100;fifty;viisikymmentä
1101;fifty_percent;puolet
1102;fig;viikuna
1103;file;viila
1104;file_nails_,_to;viilata kynnet
1105;filing_cabinet;arkistokaappi
1106;filter_paper;suodatinpaperi
1107;fin;evä
1108;finger;sormi
1109;finger_painting;sormivärit
1110;finger_puppet;sorminukke
1111;fingernail;kynsi
1112;fingernails;kynnet
1113;fingers;sormet
1114;finish;loppua
1115;fir_tree;kuusi
1116;fire;tuli
1117;fire_engine;paloauto
1118;fire_helmet;palokypärä
1119;fire_hose;vesiletku
1120;fireplace;takka
1121;fireworks;ilotulitteet
1122;fireworks_2;ilotulitteet
1123;first;ensimmäinen
1124;first_2;ensimmäinen
1125;first_aid_box;ensiapulaukku
1126;first_base;ensimmäinen pesä
1127;fish;kala
1128;fish_,_to;kalastaa
1129;fish_and_chips;paistettua kalaa ja ranskalaiset
1130;fish_battered;leivitetty kala
1131;fish_burger;kalahampurilainen
1132;fish_deep_fried;uppopaistettua kalaa
1133;fish_food;kalanruoka
1134;fish_koi_carp;karppi
1135;fish_tank;akvaario
1136;fish_tropical;kala
1137;fist;nyrkki
1138;five;viisi
1139;five_dots;viisi pistettä
1140;flag_Aboriginal_Peoples;Australian alkuasukkaiden lippu
1141;flag_Abu_Dhabi_-_UAE;Abu Dhabin lippu, Arabiemiraatit
1142;flag_Afghanistan;Afganistanin lippu
1143;flag_African_Union;Afrikan Unionin lippu
1144;flag_Ajman_Dubia_-_UAE;Ajman Dubian lippu, Arabiemiraatit
1145;flag_Aland_Islands_-_Finland;Ahvenanmaan lippu
1146;flag_Alaska;Alaskan lippu
1147;flag_Albania;Albanian lippu
1148;flag_Alderney;Alderneyn lippu
1149;flag_Algeria;Aalgerian lippu
1150;flag_American_Samoa;Amerikan Samoan lippu
1151;flag_Andorra;Andorran lippu
1152;flag_Angola;Aangolan lippu
1153;flag_Anguilla;Anguillan lippu
1154;flag_Antartica;Etelämantereen lippu
1155;flag_Antigua_Barbuda;Antigua Barburan lippu
1156;flag_Argentina;Argentiinan lippu
1157;flag_Armenia;Armenian lippu
1158;flag_Aruba;Aruban lippu
1159;flag_Asean;Asean lippu
1160;flag_Austria;Australian lippu
1161;flag_Azerbaijan;Azerbaidžanin lippu
1162;flag_Bahrain;Bahrainin lippu
1163;flag_Bangladesh;Bangladeshin lippu
1164;flag_Barbados;Barbadoksen lippu
1165;flag_Belarus;Valko-Venäjän lippu
1166;flag_Belgium;Belgian lippu
1167;flag_Belize;Belizan lippu
1168;flag_Benin;Beninin lippu
1169;flag_Bermuda;Bermudan lippu
1170;flag_Bhutan;Bhutanin lippu
1171;flag_blank;lippu
1172;flag_Bolivia;Bolivian lippu
1173;flag_Bonaire_Dutch_Antillies;Bonaire Alankomaiden Antillien lippu
1174;flag_Bosnia_Herzegovina;Bosnia Herzegovinan lippu
1175;flag_Botswana;Botswanan lippu
1176;flag_Brazil;Brasilian lippu
1177;flag_Brunei;Brunein lippu
1178;flag_Bulgaria;Bulgarian lippu
1179;flag_Burkina_Faso;Burkina Fason lippu
1180;flag_Burundi;Burundin lippu
1181;flag_Cambodia;Kambodzan lippu
1182;flag_Cameroon;Camerunin lippu
1183;flag_Canada;Kanadan lippu
1184;flag_Canary_Islands;Kanariansaarten lippu
1185;flag_Cape_Verde;Cap Verden lippu
1186;flag_Caricom;Caricom-maiden lippu
1187;flag_Cayman_Islands;Cayman-saarten lippu
1188;flag_Central_African_Republic;Keski-Afrikan tasavallan lippu
1189;flag_Chad;Chadin lippu
1190;flag_Chile;Chilen lippu
1191;flag_China;Kiinan lippu
1192;flag_Colombia;Kolumbian lippu
1193;flag_Comoros;Komoreiden lippu
1194;flag_Congo_Brazzaville;Kongon Brazzavillen lippu
1195;flag_Congo_Kinshasa;Kongon Kinshasan lippu
1196;flag_Cook_Islands;Cookin saarten lippu
1197;flag_Costa_Rica;Costa Rican lippu
1198;flag_Croatia;Kroatian lippu
1199;flag_Cuba;Kuuban lippu
1200;flag_Cyprus;Kyproksen lippu
1201;flag_Denmark;Tanskan lippu
1202;flag_Djibouti;Tanskan lippu
1203;flag_Dominica;Dominican lippu
1204;flag_Dominican_Republic;Dominikaanisen tasavallan lippu
1205;flag_Ecuador;Ecuadorin lippu
1206;flag_Egypt;Egyptin lippu
1207;flag_El_Salvador;El Salvadorin lippu
1208;flag_England;Englannin lippu
1209;flag_Equatorial_Guinea;Päiväntasaajan Guinean lippu
1210;flag_Eritrea;Eritrean lippu
1211;flag_Estonia;Viron lippu
1212;flag_Ethiopia;Etiopian lippu
1213;flag_European_Union;Euroopan Unionin lippu
1214;flag_Falkland_Islands;Falkandin saarten lippu
1215;flag_Fiji;Fijin lippu
1216;flag_Finland;Suomen lippu
1217;flag_France;Ranskan lippu
1218;flag_Fujairah_-_UAE;ujairahin lippu, Arabiemiraatit
1219;flag_Gabon;Gabonin lippu
1220;flag_Georgia;Gruusian lippu
1221;flag_Germany;Saksan lippu
1222;flag_Ghana;Ghanan lippu
1223;flag_Gibraltar;Gibraltarin lippu
1224;flag_Greece;Kreikan lippu
1225;flag_Greenland;Grönlannin lippu
1226;flag_Grenada;Granadan lippu
1227;flag_Guam;Guamin lippu
1228;flag_Guernsey;Guernseyn lippu
1229;flag_Guinea;Guinean lippu
1230;flag_Guinea_Bissau;Guinea Bissaun lippu
1231;flag_Guyana;Guyanan lippu
1232;flag_Haiti;Haitin lippu
1233;flag_Hawaii;Havaijin lippu
1234;flag_Honduras;Hondurasin lippu
1235;flag_Hong_Kong_-_China;Hongkongin lippu, Kiina
1236;flag_Hungary;Unkarin lippu
1237;flag_Iceland;Islannin lippu
1238;flag_India;Intian lippu
1239;flag_Indonesia;Indoneesian lippu
1240;flag_Iran;Iranin lippu
1241;flag_Iraq;Irakin lippu
1242;flag_Ireland;Irlannin lippu
1243;flag_Isle_of_Man;Mansaaren lippu
1244;flag_Israel;Israelin lippu
1245;flag_Italy;Italian lippu
1246;flag_Ivory_Coast;Norsunluurannikon lippu
1247;flag_Jamaica;Jamaican lippu
1248;flag_Japan;Japanin lippu
1249;flag_Jersey;Jerseyn lippu
1250;flag_Jordan;Jordanian lippu
1251;flag_Kazakhstan;Kazakstanin lippu
1252;flag_Kenya;Kenian lippu
1253;flag_Kiribati;Kiribatin lippu
1254;flag_Kosovo;Kosovon lippu
1255;flag_Kuwait;Kuwaitin lippu
1256;flag_Kyrgyzstan;Kirgisian lippu
1257;flag_Laos;Laosin lippu
1258;flag_Latvia;Latvian lippu
1259;flag_Lebanon;Libanonin lippu
1260;flag_Lesotho;Lesothon lippu
1261;flag_Liberia;Liberian lippu
1262;flag_Libya;Libyan lippu
1263;flag_Liechtenstein;Liechtensteinin lippu
1264;flag_Lithuania;Liettuan lippu
1265;flag_Luxembourg;Luxenburgin lippu
1266;flag_Macedonia;Makedonian lippu
1267;flag_Madagascar;Madagarcarin lippu
1268;flag_Malawi;Malawin lippu
1269;flag_Malaysia;Malesian lippu
1270;flag_Maldives;Malediivien lippu
1271;flag_Mali;Malin lippu
1272;flag_Malta;Maltan lippu
1273;flag_Marshall_Islands;Marshall-saarten lippu
1274;flag_Mauritania;Mauritanian lippu
1275;flag_Mauritius;Mauritiuksen lippu
1276;flag_Mexico;Meksikon lippu
1277;flag_Micronesia;Mikronesian lippu
1278;flag_Midway_Islands;Midwaysaarten lippu
1279;flag_Moldova;Moldovan lippu
1280;flag_Monaco;Monacon lippu
1281;flag_Mongolia;Mongolian lippu
1282;flag_Montenegro;Montenegron lippu
1283;flag_Morocco;Marokon lippu
1284;flag_Mozambique;Mosambiqin lippu
1285;flag_Myanmar;Myanmarin lippu
1286;flag_Namibia;Namibian lippu
1287;flag_NATO;NATO:n lippu
1288;flag_Nauru;Nauru-saarten lippu
1289;flag_Nepal;Nepalin lippu
1290;flag_New_Caledonia;Uuden Kaledonian lippu
1291;flag_New_Zealand;Uuden-Seelannin lippu
1292;flag_Nicaragua;Nicaraguan lippu
1293;flag_Niger;Nigerin lippu
1294;flag_Nigeria;Nigerian lippu
1295;flag_Niue;Niuen lippu
1296;flag_North_Korea;Pohjois-Korean lippu
1297;flag_Northern_Cyprus;Pohjois-Kyproksen lippu
1298;flag_Northern_Marianas;Pohjois-Mariaanien lippu
1299;flag_Norway;Norjan lippu
1300;flag_Olympic_Movement;Olympialaisten lippu
1301;flag_Oman;Omanin lippu
1302;flag_Pakistan;Pakistanin lippu
1303;flag_Palau;Palaun lippu
1304;flag_Palestine;Paleestiinan lippu
1305;flag_Panama;Panaman lippu
1306;flag_Papua_New_Guinea;Papua Uusi Guinean lippu
1307;flag_Paraguay;Paraguayn lippu
1308;flag_Peru;Perun lippu
1309;flag_Philippines;Filippiinien lippu
1310;flag_Pitcairn_Islands;Pitcairnin saarten lippu
1311;flag_Poland;Puolan lippu
1312;flag_Portugal;Portugalian lippu
1313;flag_Puerto_Rico;Puerto Ricon lippu
1314;flag_Qatar;Qatarin lippu
1315;flag_Rass_al_Khaimah_Sharjah;Rass al Khaimah Sharjahin lippu
1316;flag_Red_Cross;Punaisen ristin lippu
1317;flag_Romania;Romanian lippu
1318;flag_Russian_Federation;Venäjän federaation lippu
1319;flag_Rwanda;Ruandan lippu
1320;flag_S_Georgia_Sandwich_Isles;S Georgia Sandwich saarten lippu
1321;flag_Sami;Samin lippu
1322;flag_Samoa;Samoan lippu
1323;flag_San_Marino;San Marinon lippu
1324;flag_Sao_Tome_Principe;Sao Tomen ja Principen lippu
1325;flag_Sark;Sarkin lippu
1326;flag_Saudi_Arabia;Saudi Arabian lippu
1327;flag_Scotland;Skotlannin lippu
1328;flag_Seborga;Seborgan lippu
1329;flag_Senegal;Senegalin lippu
1330;flag_Serbia;Serbian lippu
1331;flag_Seychelles;Seychellien lippu
1332;flag_Sierra_Leone;Sierra Leonen lippu
1333;flag_Singapore;Singaporen lippu
1334;flag_Slovakia;Slovakian lippu
1335;flag_Slovenia;Slovenian lippu
1336;flag_Solomon_Islands;Salomonsaarten lippu
1337;flag_Somalia;Somalian lippu
1338;flag_Somaliland;Somalimaan lippu
1339;flag_South_Africa;Etelä-Afrikan lippu
1340;flag_South_Korea;Etelä-Korean lippu
1341;flag_Spain;Espanjan lippu
1342;flag_Sri_Lanka;Sri Lankan lippu
1343;flag_St._Kitts_and_Nevis;St.Kitts ja Nevisin lippu
1344;flag_St_Helena;St Helenan lippu
1345;flag_St_Vincent_Grenadines;St Vincent Grenadinesin lippu
1346;flag_Suriname;Surinamen lippu
1347;flag_Swaziland;Swazimaan lippu
1348;flag_Sweden;Ruotsin lippu
1349;flag_Switzerland;Sveitsin lippu
1350;flag_Syria;Syyrian lippu
1351;flag_Taiwan;Taiwanin lippu
1352;flag_Tajikistan;Tajikistanin lippu
1353;flag_Tanzania;Tansanian lippu
1354;flag_Thailand;Thaimaan lippu
1355;flag_The_Azores;Azoreiden lippu
1356;flag_The_Bahamas;Bahamasaarten lippu
1357;flag_The_Czech_Republic;Tsekin tasavallan lippu
1358;flag_The_Faroe_Islands;Faroe-saarten lippu
1359;flag_The_Gambia;Gambian lippu
1360;flag_The_Netherlands;Hollannin lippu
1361;flag_The_Sudan;Sudanin lippu
1362;flag_Tibet;Tiibetin lippu
1363;flag_Timor_Leste;Itä-Timorin lippu
1364;flag_Togo;Togon lippu
1365;flag_Tokelau;Tokelaun lippu
1366;flag_Tonga;Tongan lippu
1367;flag_Trinidad_and_Tobago;Trinidad ja Tobagon lippu
1368;flag_Tristan_de_Cunha;Tristan de Cunhan lippu
1369;flag_Tunisia;Tunisian lippu
1370;flag_Turkey;Turkin lippu
1371;flag_Turkmenistan;Turkmenistanin lippu
1372;flag_Turks_Caicos_Isles;Turkin Caicos-saarten lippu
1373;flag_Tuvalu;Tuvalun lippu
1374;flag_Uganda;Ugandan lippu
1375;flag_Ukraine;Ukrainan lippu
1376;flag_Umm_al_Qaiwan_-_UAE;Umm al Qaiwanin lippu, Arabiemiraatit
1377;flag_United_Arab_Emirates;Yhdistyneiden Arabiemiirien lippu
1378;flag_United_Kingdom;Britannian lippu
1379;flag_United_Nations;YK:n lippu
1380;flag_United_States_of_America; USA:n lippu
1381;flag_Uruguay;Uruguayn lippu
1382;flag_Uzbekistan;Uzbekistanin lippu
1383;flag_Vanuatu;Vanuatun lippu
1384;flag_Vatican_City;Vatikaanin lippu
1385;flag_Venezuela;Venezuelan lippu
1386;flag_Viet_Nam;Vietnamin lippu
1387;flag_Virgin_Islands;Neitsytsaarten lippu
1388;flag_Wakes_Island;Waken lippu
1389;flag_Wales;Walesin lippu
1390;flag_Western_Sahara;Länsi-Saharan lippu
1391;flag_Yemen; Jemenin lippu
1392;flag_Zambia;Sambian lippu
1393;flag_Zimbabwe;Zimbabwen lippu
1394;flame;liekki
1395;flamingo;flamingo
1396;flannel;kasvopyyhe
1397;flat;tasainena
1398;flat_tyre;tyhjä rengas
1399;flatscreen_tv;televisio
1400;flip_,_to;kääntää
1401;flipper;räpylä
1402;float;kellua
1403;floor;lattia
1404;florist_1a;kukkakauppias
1405;florist_1b;kukkakauppias
1406;florist_2a;kukkakauppias
1407;florist_2b;kukkakauppias
1408;flour_plain;jauhot
1409;flour_self_raising;itsestäänkohoavat jauhot
1410;flower;kukka
1411;flush_toilet_,_to;vetää vessa
1412;flute;huilu
1413;fly;kärpänen
1414;fold_clothes_,_to;viikata
1415;food;ruoka
1416;food_blender;tehosekoitin
1417;food_bowl_dog;koiran ruokakulho
1418;food_bowl_horse;hevosen ruokakulho
1419;food_cold;pakasteet
1420;food_hot;kuumaa ruokaa
1421;foot;jalka
1422;football;jalkapallo
1423;football_kit_Arsenal;peliasu Arsenal
1424;football_kit_Aston_Villa;peliasu Aston Villa
1425;football_kit_Barnsley;peliasu Barnsley
1426;football_kit_Birmingham;peliasu Birmingham
1427;football_kit_Blackburn_Rovers;peliasu Blackburn Rovers
1428;football_kit_Blackpool;peliasu Blackpool
1429;football_kit_blank;peliasu
1430;football_kit_Bolton_Wanderers;peliasu Bolton Wanderers
1431;football_kit_Bristol_City;peliasu Bristol City
1432;football_kit_Burnley;peliasu Burnley
1433;football_kit_Cardiff;peliasu Cardiff
1434;football_kit_Chelsea;peliasu Chelsea
1435;football_kit_Coventry;peliasu Coventry
1436;football_kit_Crystal_Palace;peliasu Crystal Palace
1437;football_kit_Derby;peliasu Derby
1438;football_kit_Doncaster;peliasu Doncaster
1439;football_kit_Everton;peliasu Everton
1440;football_kit_Fulham;peliasu Fulham
1441;football_kit_Hull_City;peliasu Hull City
1442;football_kit_Ipswich;peliasu Ipswich
1443;football_kit_Leicester;peliasu Leicester
1444;football_kit_Liverpool;peliasu Liverpool
1445;football_kit_Manchester_City;peliasu Manchester City
1446;football_kit_Manchester_United;peliasu Manchester United
1447;football_kit_Middlesbrough;peliasu Middlesbrough
1448;football_kit_Newcastle_United;peliasu Newcastle United
1449;football_kit_Nottingham_Forest;peliasu Nottingham Forest
1450;football_kit_Peterborough;peliasu Peterborough
1451;football_kit_Plymouth_Argyle;peliasu Plymouth Argyle
1452;football_kit_Portsmouth;peliasu Portsmouth
1453;football_kit_Preston;peliasu Preston
1454;football_kit_QPR;peliasu QPR
1455;football_kit_Reading;peliasu Reading
1456;football_kit_Scunthorpe;peliasu Scunthorpe
1457;football_kit_Sheffield_United;peliasu Sheffield United
1458;football_kit_Sheffield_Weds;peliasu Sheffield Weds
1459;football_kit_Spurs;peliasu Spurs
1460;football_kit_Stoke_City;peliasu Stoke City
1461;football_kit_Sunderland;peliasu Sunderland
1462;football_kit_Swansea;peliasu Swansea
1463;football_kit_Watford;peliasu Watford
1464;football_kit_West_Bromwich;peliasu West Bromwich
1465;football_kit_West_Ham_United;peliasu West Ham United
1466;football_kit_Wigan_Athletic;peliasu Wigan Athletic
1467;football_kit_Wolves;peliasu Wolves
1468;forearm;kyynärvarsi
1469;fork;haarukka
1470;fork_adapted;haarukka
1471;fork_lift_truck;haarukkatrukki
1472;forty;neljäkymmentä
1473;forward;eteenpäin
1474;forwards;eteenpäin
1475;four;neljä
1476;four_dots;neljä pistettä
1477;fourteen;neljätoista
1478;fox;kettu
1479;frankincense;suitsukkeet
1480;freckles;pisamat
1481;freezer;pakastin
1482;french_stick;ranskanleipä
1483;friction;kitka
1484;fridge;jääkaappi
1485;frog;sammakko
1486;fromage_frais;tuorejuusto
1487;front;etuosa
1488;front_door;etuovi
1489;frozen_chips;pakasteranskalaiset
1490;frozen_fish_fingers;kalapuikot
1491;frozen_food_box;pakasteruoka
1492;frozen_pizza;pakastepizza
1493;fruit;hedelmä
1494;fruit_tree;hedelmäpuu
1495;fry_,_to;paistaa
1496;frying_pan;paistinpannu
1497;full;täynnä
1498;funnel;suppilo
1499;funny_laugh;hassu nauru
1500;furniture;huonekalu
1501;future;tulevaisuus
1502;fuzzy;pörröinen
1503;G;G
1504;g_-_lower_case;g
1505;garage;autotalli
1506;garden_chair_folding;pihatuoli
1507;garden_clippers;puutarhasakset
1508;gardener_1a;puutarhuri
1509;gardener_1b;puutarhuri
1510;gardener_2a;puutarhuri
1511;gardener_2b;puutarhuri
1512;garlic;valkosipuli
1513;garlic_bread;valkosipulileipä
1514;garlic_crusher;valkosipulipuristin
1515;geography;maantieto
1516;geography_class;maantiedon tunti
1517;get_dressed_,_to;pukeutua
1518;ghost;kummitus
1519;giraffe;kirahvi
1520;glass;lasi
1521;glass_,_drinking;juomalasi
1522;glasses;lasit
1523;glitter;kimalle
1524;globe;maapallo
1525;gloves;hansikkaat
1526;glue;liima
1527;glue_stick;liimapuikko
1528;gnat;sääski
1529;go_through_door_,_to;mennä ovesta
1530;goal;goal
1531;gold_bar;kultaharkko
1532;goldfish;goldfish
1533;goldfish_bowl;kultakalamalja
1534;golf;maali
1535;golf_club;glofklubi
1536;good;hyvä
1537;good_person;hyvä ihminen
1538;good_to_drink;juomakelpoinen
1539;good_to_eat;syömäkelpoinen
1540;good_to_eat_2;syömäkelpoinen
1541;goose;hanhi
1542;goose_roast;hanhenpaisti
1543;gooseberry;karviainen
1544;gorilla;gorilla
1545;grains;jyvät
1546;grandfather;isoisä
1547;grandmother;isoäiti
1548;grandparents;isovanhemmat
1549;grape_juice;rypälemehu
1550;grapefruit;greippi
1551;grapefruit_juice;greippimehu
1552;grapes;viinirypäleet
1553;graph_column;sarakekaavio
1554;grass;ruoho
1555;grate_,_to;raastaa
1556;grater;raastinrauta
1557;gravity;painovoima
1558;gravy_boat;kastikekulho
1559;gravy_pour_,_to;kaataa kastiketta
1560;great;mahtava
1561;green;vihreä
1562;green_beans;vihreät pavut
1563;green_dark;tummanvihreä
1564;green_light;vaaleanvihreä
1565;greengrocer_1a;vihanneskauppias
1566;greengrocer_1b;vihanneskauppias
1567;greengrocer_2a;vihanneskauppias
1568;greengrocer_2b;vihanneskauppias
1569;grey_dark;tummanharmaa
1570;grey_light;vaaleanharmaa
1571;grill_,_to;grillata
1572;grill_pan;grilli
1573;ground;maa
1574;group_work;ryhmätyö
1575;guinea_pig;marsu
1576;guitar;kitara
1577;gum;purkka
1578;guy;jätkä
1579;Guy_Fawkes;Guy Fawkes
1580;gym_1;kuntosali
1581;H;H
1582;h_-_lower_case;h
1583;hair_bunches;saparot
1584;hair_conditioner;hoitoaine
1585;hair_curler;papiljotti
1586;hair_curlers_electric;lämpörullat
1587;hair_curling_tongs;kiharrin
1588;hair_dye;hiusväri
1589;hair_dye_1;hiusväri
1590;hair_plaits;letit
1591;hair_ponytail;poninhäntä
1592;hairbrush;hiusharja
1593;haircut;hiustenleikkuu
1594;hairdryer;hiustenkuivaaja
1595;hairspray;hiuslakka
1596;half;puolikas
1597;Halloween;halloween
1598;ham;kinkku
1599;ham_packet;kinkkuleikkeet
1600;hamburger;hampurilainen
1601;hamburger_carton;hampurilaispakkaus
1602;hammer;vasara
1603;hamster;hamsteri
1604;hamster_food;hamsterin ruoka
1605;hamster_maze;hamsterin sokkelo
1606;hand_bag;käsilaukku
1607;hand_cream;käsivoide
1608;hand_mixer;sauvasekoitin
1609;hand_punch;lävistin
1610;handcuffs;käsiraudat
1611;handle_bars;ohjaustanko
1612;handsome;komea
1613;hangar;lentokonehalli
1614;hankerchief;nenäliina
1615;happy_lady;iloinen
1616;happy_man;iloinen
1617;hard;kova
1618;hard_hat;suojakypärä
1619;hare;rusakko
1620;harvest;sadonkorjuu
1621;Harvest_Festival;elonkorjuujuhla
1622;hat_-_ladies;hattu
1623;hat_-_mans;hattu
1624;hat_Christmas;tonttulakki
1625;hat_too_big;liian iso hattu
1626;haunted_house;kummitustalo
1627;hazelnut;hasselpähkinä
1628;head;pää
1629;head_teacher_1a;rehtori
1630;head_teacher_1b;rehtori
1631;head_teacher_2a;rehtori
1632;head_teacher_2b;rehtori
1633;headache;päänsärky
1634;headband;otsanauha
1635;headboard;päätylevy
1636;headlamp;ajovalo
1637;headmouse;päähiiri
1638;headphones;kuulokkeet
1639;headpointer_2;päähiiri
1640;healthy;terve
1641;hear_,_to;kuulla
1642;hearing_aid_1;kuulokoje
1643;hearing_aid_2;kuulokoje
1644;heart;sydän
1645;heart_shape;sydän
1646;heat_,_to;lämmittää
1647;heavy;painava
1648;hedge;pensasaita
1649;hedge_cutters;pensassakset
1650;hedgehog;siili
1651;heel;kantapää
1652;heel_of_shoe;kanta
1653;helicopter;helikopteri
1654;hello;hei
1655;helmet;kypärä
1656;helmet_pilot;lentäjän kypärä
1657;heptagon;seitsenkulmio
1658;heron;harmaahaikara
1659;hexagon;kuusikulmio
1660;high;korkea
1661;high_chair;syöttötuoli
1662;highest;korkein
1663;hip;lonkka
1664;hippopotamus;virtahepo
1665;hips;lanteet
1666;history;historia
1667;history_class;historian tunti
1668;hoe;kuokka
1669;hoist;nostolaite
1670;holdall;kassi
1671;hole_punch;lävistäjä
1672;hole_punch_2;lävistäjä
1673;hollow;ontto
1674;holly;orjanlaakeri
1675;homepage;kotisivu
1676;honey;hunaja
1677;hood_hoodie;huppari
1678;hooded_top;huppari
1679;hoof;kavio
1680;hoover_,_to;imuroida
1681;horns;sarvet
1682;horse;hevonen
1683;hose;kasteluletku
1684;hot;kuuma
1685;hot_air_balloon;kuumailmapallo
1686;hot_brush;suoristusharja
1687;hot_chocolate;kaakao
1688;hot_dog;hot dog
1689;hot_person;kuuma
1690;house;talo
1691;Houses_of_Parliament;parlamentti
1692;how;miten
1693;how_many;kuinka monta
1694;hundred;sata
1695;hungry;nälkäinen
1696;husband;aviomies
1697;I;I
1698;i_-_lower_case;i
1699;ice_cream;jäätelö
1700;ice_cream_2;jäätelö
1701;ice_cream_tub;jäätelörasia
1702;ice_lolly;mehujää
1703;in;sisällä
1704;in_front;edessä
1705;inbox;saapuneet
1706;index_cards;arkistokortti
1707;ingredients;ainesosat
1708;inhaler;astmapiippu
1709;inside_out;nurin päin
1710;inside_room;huoneessa
1711;install_software;asennusohjelma
1712;intellikeys;Intellikeys
1713;internet;internet
1714;intestine;suolisto
1715;iPhone;iPhone
1716;iPod;iPod
1717;iron;silitysrauta
1718;iron_,_to;silittää
1719;ironing_board;silityslauta
1720;is_this_enough;tarpeeksi
1721;IT_assistant_1a;mikrotukihenkilö
1722;IT_assistant_1b;mikrotukihenkilö
1723;IT_assistant_2a;mikrotukihenkilö
1724;IT_assistant_2b;mikrotukihenkilö
1725;IT_class;tietokonetunti
1726;IT_room;tietokoneluokka
1727;itch;kutina
1728;ivy;muratti
1729;ivy_2;muratti
1730;J;J
1731;j_-_lower_case;j
1732;jack_in_box;vieteriukko
1733;jacket;takki
1734;jacket_-_mans;takki
1735;jacket_2;takki
1736;jacket_potato_1;uuniperuna
1737;jam;hillo
1738;jam_tart;torttu
1739;jar;purkki
1740;jealous_lady;mustasukkainen
1741;jealous_man;mustasukkainen
1742;jeans;farkut
1743;jeep;maastoauto
1744;jelly;hyytelö
1745;jelly_beans;karkki
1746;jellyfish;meduusa
1747;Jesus;Jeesus
1748;jet_plane;suihkukone
1749;jewellery;korut
1750;jigsaw_puzzle;palapeli
1751;jigsaw_puzzle_piece;palanen
1752;Joseph;Joosef
1753;joystick_PennyGiles;ohjain
1754;Judas;Juudas
1755;judo;judo
1756;judo_belt;judovyö
1757;jumper;neulepusero
1758;jungle_gym;kiipeilyteline
1759;Jupiter;Jupiter
1760;K;K
1761;k_-_lower_case;k
1762;kangaroo;kenguru
1763;kebab;kebab
1764;kennel;koirankoppi
1765;kettle;vedenkeitin
1766;key_1;avain
1767;key_2;avain
1768;keyboard_electric;sähköurku
1769;kick_ball_1_,_to;potkaista palloa
1770;kick_ball_2_,_to;potkaista palloa
1771;kidneys;munuaiset
1772;killer_whale;miekkavalas
1773;kite;leija
1774;kiwi;kiivi
1775;knee;polvi
1776;knickers;alushousut
1777;knife;veitsi
1778;knife_adapted;veitsi
1779;knife_adapted_2;veitsi
1780;koala;koala
1781;koosh_ball;koosh pallo
1782;L;L
1783;l_-_lower_case;l
1784;labels;tarrat
1785;ladies_toilet;naisten vessa
1786;ladle;kauha
1787;lady_-_face;kasvot
1788;lager;vaalea olut
1789;lamb;lampaanliha
1790;lamb_2;lammas
1791;lamp;lamppu
1792;lampshade;lampunvarjostin
1793;lampshade_2;lampunvarjostin
1794;lantern;lyhty
1795;lantern_2;lyhty
1796;laptop;läppäri
1797;large;suuri
1798;lasagne;lasagne
1799;last;viimeinen
1800;last_2;viimeinen
1801;last_month;viime kuu
1802;Last_Supper;viimeinen ehtoollinen
1803;laughing_lady;nauraa
1804;laughing_man;nauraa
1805;laundry_basket;pesukori
1806;lava_lamp;laavalamppu
1807;lawnmower;ruohonleikkuri
1808;lead;talutushinna
1809;leaf;lehti
1810;leaves;lehdet
1811;leek;purjosipuli
1812;left;vasemmalle
1813;left_click;vasen klikkaus
1814;left_hand;vasen käsi
1815;leg;jalka
1816;leg_warmers;säärystimet
1817;lego;lego
1818;legs;jalat
1819;lemon;sitruuna
1820;lemon_squash;sitruunamehu
1821;lemonade;limonadi
1822;lemonade_2;limonadi
1823;lens;linssi
1824;Lent;paasto
1825;lentils;linssit
1826;leopard;leopardi
1827;letter;kirje
1828;lettuce;lehtisalaatti
1829;lid;kansi
1830;lid_2;kansi
1831;lift;hissi
1832;light;kevyt
1833;lightbulb;hehkulamppu
1834;lily;lilja
1835;lime;limetti
1836;line_diagonal;diagonaali
1837;line_horizontal;vaakasuora
1838;line_parallel;yhdensuuntaiset
1839;line_vertical;pystysuora
1840;lion;leijona
1841;lip_balm;huulirasva
1842;lip_bottom;alahuuli
1843;lip_top;ylähuuli
1844;lips_1;huulet
1845;lipstick;huulipuna
1846;liquid_soap;nestesaippua
1847;little;pieni
1848;little_mac_switch;painike
1849;lizard;lisko
1850;locker;kaappi
1851;log;tukki
1852;lollipop;tikkari
1853;long;pitkä
1854;long_hair;pitkätukkainen
1855;long_johns;kalsarit
1856;look_in_mirror_,_to;peilata
1857;lorry;rekka
1858;lorry_2;rekka
1859;lost;eksynyt
1860;lotion;kosteusemulsio
1861;lots_more;paljon enemmän
1862;loud;kovaääninen
1863;low_fat_2;vähärasvainen
1864;lowest;alimmainen
1865;lucky;onnekas
1866;lump;kuhmu
1867;lunch_1;lounas
1868;lunch_2;lounas
1869;lunch_box;eväslaatikko
1870;lunch_box_1;eväslaatikko
1871;lunch_time;lounasaika
1872;lungs;keuhkot
1873;M;M
1874;m_-_lower_case;m
1875;macadamias;makadamiapähkinä
1876;macaroni;makaroni
1877;macaroni_cheese;makaronilaatikko
1878;magnet;magneetti
1879;magnetic;magneettinen
1880;main_course;pääruoka
1881;mains_socket;pistorasia
1882;make_the_bed_,_to;pedata
1883;make_up;meikit
1884;male_body;keho
1885;man_-_face;kasvot
1886;mange_tout;sokeriherne
1887;manger;seimi
1888;mango;mango
1889;marbles;marmorikuulat
1890;margarine;margariini
1891;marmite;levite
1892;married;naimisissa
1893;marrow;kurpitsa
1894;Mars;Mars
1895;marshmallows;vaahtokarkki
1896;Mary;Maria
1897;mascara;ripsiväri
1898;mash_,_to;musertaa
1899;mash_potato_,_to;muussata
1900;mash_potato_1;perunamuusi
1901;mash_potato_2;perunamuusi
1902;masher;perunamurskain
1903;mask_dustmask;pölysuoja
1904;masking_tape;maalarinteippi
1905;maths;matematiikka
1906;maths_class;matematiikan tunti
1907;mauve;violetti
1908;mauve_dark;tumman violetti
1909;mauve_light;vaalean violetti
1910;mayonnaise;majoneesi
1911;measuring_cups;mittakupit
1912;measuring_jug;mittakannu
1913;measuring_spoons;mittalusikat
1914;meat;liha
1915;meatballs_and_spaghetti;spagetti ja lihapullat
1916;medal;mitali
1917;medicine;lääke
1918;medicine_cabinet;lääkekaappi
1919;melon;meloni
1920;melt_,_to;sulattaa
1921;memory_card;muistikortti
1922;memory_card_2;muistikortti
1923;mend;korjata
1924;mens_toilet;miesten vessa
1925;menu;ruokalista
1926;Mercury;Merkkuurius
1927;meringues;marengit
1928;merry_go_round;karuselli
1929;messy_clothes;likaiset vaatteet
1930;messy_room;likainen huone
1931;microphone;mikrofoni
1932;microscope;mikroskooppi
1933;microwave;mikroaaltouuni
1934;middle;keskellä
1935;milk;maito
1936;milk_2_litre;maito
1937;milk_bottle;maitopullo
1938;milk_carton;maitotölkki
1939;milk_person_1a;maitokauppias
1940;milk_person_1b;maitokauppias
1941;milk_person_2a;maitokauppias
1942;milk_person_2b;maitokauppias
1943;milkshake;pirtelö
1944;milkshake_banana;banaanipirtelö
1945;milkshake_chocolate;suklaapirtelö
1946;milkshake_strawberry;mansikkapirtelö
1947;Milky_Way;linnunrata
1948;mince_pie;lihapiiras
1949;minced_meat;jauheliha
1950;mini_bus;minibussi
1951;mints;pastilli
1952;minute;minuutti
1953;mirror;käsipeili
1954;mirror_1;peili
1955;mirror_2;peili
1956;mirror_ball;diskopallo
1957;mistake_no_wrong;väärin
1958;mistletoe;mistelinoksa
1959;mittens;lapaset
1960;mixer;vatkain
1961;mobile_phone;kännykkä
1962;mobile_phone_camera;kännykkä
1963;mobile_phone_case;suojakuori
1964;mobile_phone_cover;suojakuori
1965;mobile_phone_no;kännykkäkielto
1966;mobile_phone_number;puhelinnumero
1967;mobile_phone_ring_tone;soittoääni
1968;mobile_phone_silent;äänetön
1969;mobile_phone_text_message;tekstiviesti
1970;mobile_phone_video;kännykkävideo
1971;mole;myyrä
1972;money;raha
1973;monster;hirviö
1974;Moon;kuu
1975;mop;moppi
1976;moped;mopo
1977;more;enemmän
1978;morning;aamu
1979;most;eniten
1980;moth;koiperhonen
1981;motor_home;matkailuauto
1982;motorcycle;moottoripyörä
1983;mountains;vuoret
1984;mouse;hiiri
1985;mouse_mat;hiirimatto
1986;mouth;suu
1987;mouthwash;suuvesi
1988;mouthwash_1;suuvesi
1989;muesli;mysli
1990;mug_2;muki
1991;multi_media;multimedia
1992;multiply;kertoa
1993;mum_parent;äiti
1994;muscles;lihakset
1995;mushroom;sieni
1996;music;musiikki
1997;music_class;musiikintunti
1998;music_room;musiikkiluokka
1999;musical_instruments;soittimet
2000;musician_1a;muusikko
2001;musician_1b;muusikko
2002;musician_2a;muusikko
2003;musician_2b;muusikko
2004;mussel;simpukka
2005;my_computer_icon;oma tietokone
2006;N;N
2007;n_-_lower_case;n
2008;nail;naula
2009;nail_care;kynsienhoito
2010;nail_clippers;kynsisakset
2011;nail_file;kynsiviila
2012;nail_polish;kynsilakka
2013;nail_polish_remover;kynsilakanpoistoaine
2014;nappy;vaippa
2015;Nativity;Kristuksen syntymä
2016;near;lähellä
2017;neck;kaula
2018;necklace;kaulakoru
2019;necklace_2;kaulakoru
2020;need_toilet;vessahätä
2021;neither;ei kumpikaan
2022;Neptune;Neptunus
2023;nest;pesä
2024;nest_of_tables;sarjapöytä
2025;networked_computers;tietokoneverkko
2026;new_document;uusi tiedosto
2027;newspaper;sanomalehti
2028;newspaper_person_1a;lehdenjakaja
2029;newspaper_person_1b;lehdenjakaja
2030;newspaper_person_2a;lehdenjakaja
2031;newspaper_person_2b;lehdenjakaja
2032;next;seuraava
2033;next_month;ensi kuu
2034;next_week;ensi viikko
2035;night;yö
2036;nightgown;yöpaita
2037;nine;yhdeksän
2038;nine_dots;yhdeksän pistettä
2039;nineteen;yhdeksäntoista
2040;ninety;yhdeksänkymmentä
2041;no_class;hyppytunti
2042;no_smoking_sign;tupakointikielto
2043;noisy;äänekäs
2044;non_speaking;mykkä
2045;non-permeable;läpäisemätön
2046;noodles;nuudelit
2047;north;pohjoinen
2048;north_east;koillinen
2049;north_west;luode
2050;nosey_cup;muki
2051;nostril;sierain
2052;notebook;vihko
2053;notepad;muistilehtiö
2054;now;nyt
2055;nurse_1a;sairaanhoitaja
2056;nurse_1b;sairaanhoitaja
2057;nurse_2a;sairaanhoitaja
2058;nurse_2b;sairaanhoitaja
2059;nuts;pähkinät
2060;O;O
2061;o_-_lower_case;o
2062;oak_leaf;tammenlehti
2063;occupational_therapist_1a;toimintaterapeutti
2064;occupational_therapist_1b;toimintaterapeutti
2065;occupational_therapist_2a;toimintaterapeutti
2066;occupational_therapist_2b;toimintaterapeutti
2067;octagon;kahdeksankulmio
2068;off;pois
2069;office_block;toimistotalo
2070;old_object;vanha
2071;old_person_1;vanhus
2072;old_person_2;vanhus
2073;old_person_3;vanhus
2074;olive_oil;oliiviöljy
2075;olives;oliivit
2076;olympic_games;olympialaiset
2077;olympic_rings;olympiarenkaat
2078;olympic_torch;olympiasoihtu
2079;olympic_torch_2;olympiasoihtu
2080;omelette;munakas
2081;on;päällä
2082;one;yksi
2083;one_dot;yksi piste
2084;one_hour;tunti
2085;one_third;kolmasosa
2086;onion;sipuli
2087;onion_rings;sipulirenkaat
2088;opaque;läpinäkyvä
2089;open;auki
2090;open_2;avoin
2091;open_shop;kauppa
2092;open_tin_,_to;purkinavaus
2093;operating_theatre;leikkaussali
2094;operation;leikkaus
2095;opposite;vastakohta
2096;orange;appelsiini
2097;orange_2;oranssi
2098;orange_fizzy_drink;appelsiinilimonadi
2099;orange_juice;appelsiinimehu
2100;orange_squash;appelsiinimehu
2101;ostrich;strutsi
2102;out;ulkona
2103;outbox;lähtevät
2104;outside;ulkona
2105;oval;soikea
2106;over;yli
2107;owl;pöllö
2108;oxygen_mask;happinaamari
2109;oyster;osteri
2110;oyster_2;osteri
2111;ozone_layer;otsonikerros
2112;P;P
2113;p_-_lower_case;p
2114;packed_lunch;eväät
2115;packed_lunch_2;eväät
2116;paddles;airot
2117;paint;maali
2118;paint_box;maalilaatikko
2119;paint_brush;sivellin
2120;paint_brush_2;pensseli
2121;paint_childs;askartelumaali
2122;palm;palmu
2123;Palm_Sunday;palmusunnuntai
2124;palm_tree;palmu
2125;pancake_2;pannukakku
2126;pancakes;pannukakut
2127;panda;panda
2128;pants;alushousut
2129;paper;paperi
2130;paper_towel;talouspaperi
2131;paper_towels;talouspaperiarkki
2132;paperclip;klemmari
2133;para_olympic_games;paralympialaiset
2134;parachute;laskuvarjo
2135;parade_1;paraati
2136;parade_2;paraati
2137;parallelogram;suunnikas
2138;paramedic_1a;ensihoitaja
2139;paramedic_1b;ensihoitaja
2140;paramedic_2a;ensihoitaja
2141;paramedic_2b;ensihoitaja
2142;parents;vanhemmat
2143;parrot;papukaija
2144;parsnip;palsternakka
2145;part;osa
2146;partner;partneri
2147;party_celebration;juhla
2148;party_popper;paukkupommi
2149;passion_flower;kärsimyskukka
2150;passion_fruit;passionhedelmä
2151;passport;passi
2152;past;mennyt
2153;pasta;pasta
2154;pasta_sauce;pastakastike
2155;paste;liittää
2156;pastie;pasteija
2157;pastry;taikina
2158;patch_on_clothes;vaatepaikka
2159;pate;pasteija
2160;paw;tassu
2161;paw_1;tassu
2162;PE;liikunta
2163;PE_class;liikuntatunti
2164;pea;herne
2165;peach;persikka
2166;peacock;riikinkukko
2167;peanut;maapähkinä
2168;peanut_2;maapähkinä
2169;peanut_butter;maapähkinävoi
2170;pear;päärynä
2171;peas;herneet
2172;pecan;pekaanipähkinä
2173;peel_,_to;kuoria
2174;peeler;kuorintaveitsi
2175;pelican;pelikaani
2176;pen;kynä
2177;pen_and_paper;kynä ja paperia
2178;pen_and_paper_2;kynä ja paperia
2179;pencil;lyijykynä
2180;pencil_and_paper;lyijykynä ja paperia
2181;pencil_and_paper_2;lyijykynä ja paperia
2182;pencil_box;kynäkotelo
2183;pencil_case;penaali
2184;pencil_sharpener;teroitin
2185;pencil_sharpener_2;teroitin
2186;penguin;pingviini
2187;penis;penis
2188;pentagon;viisikulmio
2189;pepper;paprika
2190;pepper_mill;pippurimylly
2191;percent;prosentti
2192;perfume;hajuvesi
2193;perm_,_to;permanentti
2194;permeable;läpäisevä
2195;personal_passport;minusta jotain
2196;pestle_and_mortar;mortteli
2197;pet_blanket;koiraviltti
2198;pet_brush;eläinharja
2199;pet_carrier;lemmikin kuljetuslaatikko
2200;pet_carrying_basket;lemmikin kuljetuskori
2201;pet_comb;eläinkampa
2202;petal;terälehti
2203;petrol_tanker;säiliöauto
2204;petticoat;alushame
2205;phone_picture_video;kuvata
2206;photocopier;kopiokone
2207;photographs;valokuvat
2208;physio_therapist_1a;fysioterapeutti
2209;physio_therapist_1b;fysioterapeutti
2210;physio_therapist_2a;fysioterapeutti
2211;physio_therapist_2b;fysioterapeutti
2212;piano;piano
2213;pick_and_mix;irtokarkit
2214;picnic;piknikki
2215;picture;kuva
2216;picture_frame;valokuvakehys
2217;pie;piiras
2218;pie_apple;omenapiirakka
2219;pie_chart;ympyrädiagrammi
2220;pie_cherry;kirsikkapiirakka
2221;pie_meat;lihapiirakka
2222;piglet;porsas
2223;pilot_1a;lentäjä
2224;pilot_1b;lentäjä
2225;pilot_2a;lentäjä
2226;pilot_2b;lentäjä
2227;pine_cone;männynkäpy
2228;pine_nut;pinjansiemen
2229;pineapple;ananas
2230;pineapple_juice;ananasmehu
2231;pink;vaaleanpunainen
2232;pink_bright;tumma vaaleanpunainen
2233;pink_pale;vaalea vaaleanpunainen
2234;pint;oluttuoppi
2235;pint_half;pieni tuoppi
2236;pistachios;pistaasipähkinät
2237;pizza;pitsa
2238;pizza_2;pizza
2239;pizza_cutter;pitsaleikkuri
2240;place_mat;tarjotin
2241;place_setting;kattaus
2242;plane;höylä
2243;plane_landing;laskeutua
2244;plane_take_off;nousta
2245;planets;planeetat
2246;plant;kasvi
2247;plaster;laastari
2248;plastic;muovi
2249;plastic_bag;muovipussi
2250;plastic_pocket;muovitasku
2251;plate;lautanen
2252;plate_guard;lautastuki
2253;plate_lipped;lautanen
2254;play_area;leikkikenttä
2255;playdough;muovailuvaha
2256;playing_card_picture;pelikortti
2257;playing_cards;pelikortit
2258;playing_cards_clubs;pelikortti risti
2259;playing_cards_diamonds;pelikortti ruutu
2260;playing_cards_hearts;pelikortti hertta
2261;playing_cards_patience;pasianssi
2262;playing_cards_spades;pelikortti pata
2263;playstation;playstation
2264;pliers;pihdit
2265;plug_2;pistoke
2266;plum;luumu
2267;plum_tomato;luumutomaatti
2268;Pluto;Pluto
2269;pocket;tasku
2270;point_,_to;osoittaa
2271;pointed;terävä
2272;polar_bear;jääkarhu
2273;police_1a;poliisi
2274;police_1b;poliisi
2275;police_car;poliisiauto
2276;police_helmet;poliisin kypärä
2277;police_radio;poliisiradio
2278;polish_nails_,_to;maalata kynnet
2279;pond;lampi
2280;pool_hoist;allasnosturi
2281;pool_snooker;biljardi
2282;pop_champagne_cork_,_to;poksauttaa auki
2283;pop_socks;sukat
2284;poppadoms;poppadumit
2285;porcupine;piikkisika
2286;pork_chop;porsaankyljys
2287;porridge;puuro
2288;porter_hospital_1a;vastaanottoapulainen
2289;porter_hospital_1b;vastaanottoapulainen
2290;porter_hospital_2a;vastaanottoapulainen
2291;porter_hospital_2b;vastaanottoapulainen
2292;post_person_1a;postinkantaja
2293;post_person_1b;postinkantaja
2294;post_person_2a;postinkantaja
2295;post_person_2b;postinkantaja
2296;post_van;postiauto
2297;post-it;muistilappu
2298;pot;ruukku
2299;pot_noodle;kuppinuudeli
2300;potato;peruna
2301;potted_plant;ruukkukasvi
2302;pottery;savenvalanta
2303;potty_chair;potta
2304;poultry;siipikarja
2305;pour_cake_mixture_,_to;sekoittaa ainekset
2306;pour_custard_,_to;kaataa kastike
2307;powder_puff;puuterihuisku
2308;power_switch;virtakytkin
2309;prawn;katkarapu
2310;pray_,_to;rukoilla
2311;prayer;rukous
2312;present;lahja
2313;pretty;nätti
2314;pretzel;suolarinkilä
2315;prickles;piikit
2316;print;tulostaa
2317;print_preview;esikatselu
2318;printer;tulostin
2319;prism_hexagonal;kuusikulmainen prisma
2320;prism_triangular;kolmisivuinen prisma
2321;protein;proteiini
2322;puffin;lunni
2323;pull_along_toy;vetää
2324;pumice_stone;hohkakivi
2325;pumpkin;kurpitsa
2326;pumpkin_lantern;kurpitsalyhty
2327;pumpkin_pie;kurpitsapiirakka
2328;pupil;silmäterä
2329;puppet;nukke
2330;pureed_food;sose
2331;pureed_food_2;sose
2332;Puritans;puritaanit
2333;purple;violetti
2334;purse;kukkaro
2335;put_in_bin_,_to;viedä roskat
2336;put_on_cap_,_to;pukea lippalakki
2337;put_on_coat_,_to;pukea takki 
2338;put_out_rubbish_,_to;viedä roskat
2339;pyjamas;pyjama
2340;pyramid_square_base;neliöpohjainen pyramidi
2341;pyramid_triangular_base;kolmiopohjainen pyramidi
2342;Q;Q
2343;q_-_lower_case;q
2344;quadrilateral;nelikulmio
2345;quail;viiriäinen
2346;quarter;neljäsosa
2347;quiche_flan;piiras
2348;quiet;hiljainen
2349;R;R
2350;r_-_lower_case;r
2351;rabbit;kani
2352;rabbit_hutch;kaninkoppi
2353;race_athletics;urheilukilpailu
2354;radish;retiisi
2355;rain;sade
2356;rainbow;sateenkaari
2357;raincoat;sadetakki
2358;raisin;rusina
2359;raisin_currants;korintti
2360;rake;harava
2361;ram;pässi
2362;ramp;ramppi
2363;rash;ihottuma
2364;rat;rotta
2365;rattle_snake;kalkkarokäärme
2366;ravioli;ravioli
2367;razor;partahöylä
2368;razor_electric;partakone
2369;ready;valmiina
2370;ready_2;valmis
2371;ready_meal;valmisateria
2372;ready_meal_lamb;valmis liha-ateria
2373;receive_email_,_to;saada sähköpostia
2374;recipe;resepti
2375;rectangle;suorakulmio
2376;recycle_bin;roskakori
2377;recycle_logo;kierrätys
2378;recycling_bins;kierrätysastiat
2379;red;punainen
2380;refridgerate_,_to;pakastaa
2381;refuse_collector_1a;roskakuski
2382;refuse_collector_1b;roskakuski
2383;refuse_collector_2a;roskakuski
2384;refuse_collector_2b;roskakuski
2385;refuse_lorry;roska-auto
2386;reindeer;poro
2387;relax_3_,_to;rentoutua
2388;remote_control;kaukosäädin
2389;retire_,_to;jäädä eläkkeelle
2390;retired;eläkeläinen
2391;rhinoceros;sarvikuono
2392;rhombus;vinoneliö
2393;rhubarb;raparperi
2394;ribbon;nauha
2395;rice;riisi
2396;rice_cake;riisikakku
2397;rice_packet;riisipussi
2398;ride_horse_,_to;ratsastaa
2399;riding_hat;ratsastuskypärä
2400;rifle;kivääri
2401;right;oikealle
2402;right_click;oikea klikkaus
2403;right_hand;oikea käsi
2404;ring;sormus
2405;ring_binder;kansio
2406;risen;ylösnousemus
2407;road;tie
2408;roast_dinner;paistettu päivällinen
2409;robin;punarinta
2410;rocket;raketti
2411;rocket_2;raketti
2412;rocking_chair;keinutuoli
2413;roll_on_deodorant;deodorantti
2414;roll_pastry_,_to;kaulita
2415;roller_blind;rullaverho
2416;roller_coaster;vuoristorata
2417;rolling_pin;kaulin
2418;roman_blind;laskosverho
2419;room;huone
2420;roots;juuret
2421;rose;ruusu
2422;rosette;rusetti
2423;rotary_washing_line;pyykkiteline
2424;rowing_boat;soutuvene
2425;Rudolph;Petteri
2426;rug;matto
2427;rugby_ball;rugbypallo
2428;run_,_to;juosta
2429;S;S
2430;s_-_lower_case;s
2431;sack;säkki
2432;sad_lady;surullinen
2433;sad_man;surullinen
2434;saddle;satula
2435;saddle_2;satula
2436;safety_goggles;suojalasit
2437;safety_pin;hakaneula
2438;sailor_1a;merimies
2439;sailor_1b;merimies
2440;salad;salaatti
2441;salad_packet;salaattipussi
2442;salad_plate;salaattilautanen
2443;salami_sausage;salamimakkara
2444;salt;suola
2445;salt_,_to;suolata
2446;salty;suolainen
2447;same;sama
2448;sand_pit;hiekkalaatikko
2449;sandals;sandaalit
2450;sandpaper;hiekkapaperi
2451;sandwich;voileipä
2452;sandwich_cheese;juustovoileipä
2453;sandwich_chicken;kanavoileipä
2454;sandwich_ham;kinkkuvoileipä
2455;sandwich_sausage;makkaravoileipä
2456;sandwich_toasted;paahdettu voileipä
2457;sanitary_towel;terveysside
2458;satellite;satelliitti
2459;satsuma;satsuma
2460;Saturn;Saturnus
2461;sauce_apple;omenakastike
2462;sauce_brown;ruskeakastike
2463;sauce_cranberry;karpalokastike
2464;sauce_tomato;tomaattikastike
2465;saucepan;kattila
2466;saucer;pikkulautanen
2467;sausage_and_mash;nakit ja muusi
2468;sausage_cumberland;sianlihamakkara
2469;sausage_roll;makkarapasteija
2470;sausage_roll_small;pieni makkarapasteija
2471;sausages;makkarat
2472;sausages_2;makkarat
2473;save;tallentaa
2474;saw;saha
2475;scales;vaaka
2476;scales_2;vaaka
2477;scales_fish;suomut
2478;scanning;askellus
2479;scar;arpi
2480;scarecrow;variksenpelätin
2481;scarf;huivi
2482;scary;pelottava
2483;school;koulu
2484;school_1;koulu
2485;school_bag;koulureppu
2486;science;fysiikka
2487;science_class;fysiiikan tunti
2488;science_room;fysiikan luokka
2489;scissors;sakset
2490;scoop;kauha
2491;scoop_,_to;kaapia
2492;score_goal_,_to;tehdä maali
2493;screw;ruuvi
2494;screwdriver;ruuvimeisseli
2495;scrubbing_brush;pesuharja
2496;seagull;lokki
2497;seahorse;merihevonen
2498;seal;hylje
2499;seat_belt;turvavyö
2500;second;sekunti
2501;second_3;toinen
2502;secretary_1a;sihteeri
2503;secretary_1b;sihteeri
2504;secretary_2a;sihteeri
2505;secretary_2b;sihteeri
2506;see_saw;keinulauta
2507;seedling;taimi
2508;seeds;siemenet
2509;seizure;kohtaus
2510;senses;aistit
2511;sensory_room;aistihuone
2512;sensory_tube;aistiputki
2513;serene_lady;levollinen
2514;serene_man;levollinen
2515;serve_,_to;tarjoilla
2516;serviette;servetti
2517;set_the_table_,_to;kattaa
2518;set_timer_,_to;ajastaa
2519;settee_1;sohva
2520;settee_2;sohva
2521;seven;seitsemän
2522;seven_dots;seitsemän pistettä
2523;seventeen;seitsemäntoista
2524;seventy;seitsemänkymmentä
2525;seventy_five_percent;75 prosenttia
2526;shallow;matala
2527;shampoo;shampoo
2528;shampoo_animal_,_to;shampoo
2529;shampoo_hair_,_to;shampoo
2530;shape_puzzle;muotolauta
2531;shapes;muodot
2532;shapesorter;muotopalikat
2533;sharp;terävä
2534;shave_,_to;ajella
2535;shave_underarm_,_to;ajaa kainalot
2536;shave_with_razor_,_to;ajaa partahöylällä
2537;shaving_cream;partavaahto
2538;sheep;lammas
2539;shells;kuoret
2540;shepherd_1a;paimen
2541;shepherd_1b;paimen
2542;shin;sääri
2543;shiny;kimaltava
2544;shirt;paita
2545;shoe_-_ladies;kenkä
2546;shoe_-_mans;kenkä
2547;shooting_star;tähdenlento
2548;shop;kauppa
2549;shop_2;kauppa
2550;short;lyhyt
2551;short_2;lyhyt
2552;short_hair;lyhythiuksinen
2553;shorts;shortsit
2554;shoulder;olkapää
2555;shower;suihku
2556;shower_1_,_to;peseytyä
2557;shower_2_,_to;käydä suihkussa
2558;shower_cap;suihkulakki
2559;shower_gel;suihkusaippua
2560;shrew;päästäinen
2561;shrimp;katkarapu
2562;Shrove_Tuesday_1;laskiainen
2563;shuttlecock;sulkapallo
2564;side;puoli
2565;sieve;siivilä
2566;sieve_,_to;siivilöidä
2567;signpost;tienviitta
2568;signpost_1;tienviitta
2569;silence;äänetön
2570;simnel_cake;pääsiäiskakku
2571;singer_1a;laulaja
2572;singer_1b;laulaja
2573;singer_2a;laulaja
2574;singer_2b;laulaja
2575;single_bed;sänky
2576;sink;pesuallas
2577;sink_2;pesuallas
2578;sister;sisko
2579;sit_at_computer_,_to;käyttää tietokonetta
2580;sit_at_computer_,_to_2;käyttää tietokonetta
2581;six;kuusi
2582;six_dots;kuusi pistettä
2583;sixteen;kuusitoista
2584;sixty;kuusikymmentä
2585;skate_park;skeittipuisto
2586;skateboard;skeittilauta
2587;skeleton;luuranko
2588;ski_,_to;hiihtää
2589;skin;iho
2590;skirt;mekko
2591;skis;sukset
2592;skull;pääkallo
2593;skunk;haisunäätä
2594;sledge;leka
2595;sleep_suit_baby;potkupuku
2596;sleigh;reki
2597;slice;viipale
2598;slide;liukumäki
2599;sling;keinu
2600;slippers;tossut
2601;slippery;liukas
2602;slug;etana
2603;smoke_,_to;tupakoida
2604;smooth;sileä
2605;snail;etana
2606;snake;käärme
2607;sneering_lady;ivallinen
2608;sneering_man;ivallinen
2609;sneeze_cold;nuha
2610;snow;lumi
2611;soap;saippua
2612;socks;sukat
2613;soft;pehmeä
2614;soldier_1a;sotilas
2615;soldier_1b;sotilas
2616;soldier_2a;sotilas
2617;soldier_2b;sotilas
2618;sole;jalkapohja
2619;some;muutama
2620;son;poika
2621;soup;keitto
2622;soup_carrot;porkkanakeitto
2623;soup_chicken;kanakeitto
2624;soup_mushroom;sienikeitto
2625;soup_onion;sipulikeitto
2626;soup_pea;hernekeitto
2627;soup_tomato;tomaattikeitto
2628;soup_vegetable;kasviskeitto
2629;sour;hapan
2630;sour_cream;smetana
2631;south;etelä
2632;south_east;kaakko
2633;south_west;lounas
2634;space_bar;välilyönti
2635;spaceship;avaruusalus
2636;spade;lapio
2637;spaghetti;spagetti 
2638;spaghetti_bolognaise;spagetti bolognese
2639;sparkler;sädetikku
2640;spatula;lasta
2641;spatula_2;lasta
2642;speech_language_therapist_1a;puheterapeutti
2643;speech_language_therapist_1b;puheterapeutti
2644;speech_language_therapist_2a;puheterapeutti
2645;speech_language_therapist_2b;puheterapeutti
2646;spicy;mausteinen
2647;spider;hämähäkki
2648;spiders_web;hämähäkinseitti
2649;spinach;pinaatti
2650;spine;selkäranka
2651;sponge;pesusieni
2652;spoon;lusikka
2653;spoon_adapted;lusikka
2654;spot_light;kohdevalaisin
2655;spotty;täplikäs
2656;spotty_2;finninaama
2657;spread_,_to;levittää
2658;spring;kevät
2659;spring_onions;kevätsipulit
2660;sprinkle_,_to;ripotella
2661;square;neliö
2662;square_setsquare;kulmaviivain
2663;squash;mehu
2664;squash_,_to;litistää
2665;squeak_,_to;vikistä
2666;squirrel_1a;orava
2667;squirrel_1b;orava
2668;stable;talli
2669;stable_1;talli
2670;stable_2;talli
2671;stag;hirvi
2672;stairs;portaat
2673;standard_lamp;jalkalamppu
2674;staple_,_to;nitoa
2675;stapler;nitoja
2676;star;tähti
2677;star_2;tähti
2678;star_stacker;lelu
2679;starfish;meritähti
2680;steak;pihvi
2681;steam_train;höyryjuna
2682;steamer;höyrykeitin
2683;step_brother;velipuoli
2684;step_by_step;askeltaa
2685;step_dad_parent;isäpuoli
2686;step_daughter_1;tytärpuoli
2687;step_daughter_2;tytärpuoli
2688;step_mum_parent;äitipuoli
2689;step_sister;sisarpuoli
2690;step_son_1;poikapuoli
2691;step_son_2;poikapuoli
2692;stereo;stereo
2693;stethoscope;stetoskooppi
2694;stick;keppi
2695;stickers;tarrat
2696;sticky;tahmea
2697;sting_bee;ampiaisen pistos
2698;stir_fry;wokki
2699;stir_fry_,_to;wokata
2700;stir_mix_,_to;sekoittaa
2701;stirrups;jalustimet
2702;stoat;kärppä
2703;stock;liemi
2704;stock_cubes;liemikuutiot
2705;stomach;maha
2706;stomach_1;maha
2707;stomach_ache;vatsakipu
2708;stone;kivi
2709;stool;jakkara
2710;straight;suora
2711;strain_,_to;siivilöidä
2712;straw;pilli
2713;strawberry;mansikka
2714;strawberry_jam;mansikkahillo
2715;string;naru
2716;striped;raidallinen
2717;stroke_,_to;silittää
2718;strong;vahva
2719;stubble;sänki
2720;stuffing;täytteet
2721;subsoil;pohjamaa
2722;subtract;vähentää
2723;sugar_bowl;sokerikulho
2724;sugar_brown;ruskea sokeri
2725;sugar_white;sokeri
2726;suit_-_ladys;puku
2727;suit_-_mans;puku
2728;suitcase_1;matkalaukku
2729;suitcase_2;matkalaukku
2730;sum;laskutehtävä
2731;summer;kesä
2732;sun;aurinko
2733;sun_lounger;aurinkotuoli
2734;sunglasses;aurinkolasit
2735;sunscreen;aurinkovoide
2736;surgery_health_centre;terveyskeskus
2737;surprised_lady;yllättynyt
2738;surprised_man;yllättynyt
2739;swan;joutsen
2740;sweatshirt;collegepaita
2741;swede;lanttu
2742;sweet;makeinen
2743;sweet_2;makeaa
2744;sweet_potato;bataatti
2745;sweetcorn;maissi
2746;swim_,_to;uida
2747;swimming_cap;uimalakki
2748;swimming_class;uimatunti
2749;swimming_costume;uimapuku
2750;swimming_trunks;uimahousut
2751;swing;keinu
2752;swing_,_to;keinua
2753;swiss_roll;kääretorttu
2754;switch_access;kytkinkäyttö
2755;switch_low_profile_1;hipaisukytkin
2756;switch_low_profile_2;kytkin
2757;switch_low_profile_3;hipaisukytkin
2758;switch_mount;kytkinvarsi
2759;switch_on_television_,_to;käynnistää televisio
2760;syringe;ruisku
2761;T;T
2762;t_-_lower_case;t
2763;table;pöytä
2764;table_2;pöytä
2765;table_cloth;pöytäliina
2766;tablecloth;pöytäliina
2767;tablet_blister_pack;lääkepakkaus
2768;tablets;pillerit
2769;take_a_work_break_,_to;tauko
2770;take_off_cap_,_to;lakki päästä
2771;takeaway_burger;kotipaketti
2772;takeaway_burger_and_chips;kotipaketti
2773;takeaway_chinese;kotipaketti
2774;takeaway_container;kotipaketti
2775;takeaway_indian;kotipaketti
2776;takeaway_pizza;kotipaketti
2777;tall;korkea
2778;tampon;tampooni
2779;tap;hana
2780;tape_measure;mittanauha
2781;tape_recorder;nauhuri
2782;tart;piirakka
2783;tartan;skottikangas
2784;taste_,_to;maistaa
2785;tattoo;tatuointi
2786;taxi;taksi
2787;taxi_driver_1a;taksikuski
2788;taxi_driver_1b;taksikuski
2789;taxi_driver_1c;taksikuski
2790;taxi_driver_1d;taksikuski
2791;taxi_driver_2a;taksikuski
2792;taxi_driver_2b;taksikuski
2793;taxi_driver_2c;taksikuski
2794;taxi_driver_2d;taksikuski
2795;tea;tee
2796;tea_bag;teepussi
2797;tea_instant;teejauhe
2798;tea_spoon;teelusikka
2799;tea_time;teeaika
2800;tea_towel;astiapyyhe
2801;teacher_1a;opettaja
2802;teacher_1b;opettaja
2803;teacher_2a;opettaja
2804;teacher_2b;opettaja
2805;teapot;teepannu
2806;technology;teknolologia
2807;teddy_bear;nalle
2808;teeth;hampaat
2809;teeth_2;hampaat
2810;telephone_handset;puhelinluuri
2811;telephone_toy;lelupuhelin
2812;temple;ohimo
2813;ten;kymmenen
2814;tennis;tennis
2815;terracotta;terrakotta
2816;test;tentti
2817;test_tube;koeputki
2818;text_mobile_message_,_to;tekstata
2819;text_phone;näppäinpuhelin
2820;theme_park;huvipuisto
2821;thermometer;lämpömittari
2822;thermometer_2;lämpömittari
2823;thick;paksu
2824;thigh;reisi
2825;thin;ohut
2826;thin_2;ohut
2827;thirsty;janoinen
2828;thirteen;kolmetoista
2829;thirty;kolmekymmentä
2830;this_month;tämä kuukausi
2831;this_week;tämä viikko
2832;thousand;tuhat
2833;three;kolme
2834;three_dots;kolme pistettä
2835;three_quarters;kolme neljäsosaa
2836;three_wise_kings;kolme viisasta miestä
2837;throat;kurkku
2838;through;läpi
2839;thumb;peukalo
2840;thumbs;peukalot
2841;thunder_storm;ukkosmyrsky
2842;tidy_up_,_to;siivota
2843;tie;solmio
2844;tie_2_,_to;solmia
2845;tiger;tiikeri
2846;tights;sukkahousut
2847;time_out;tauko
2848;timer_2;ajastin
2849;tin;vuoka
2850;tin_can;purkki
2851;tin_foil;folio
2852;tinned_apricots;säilykeaprikoosi
2853;tinned_cherries;säilykekirsikat
2854;tinned_mushroom_soup;seinikeitto
2855;tinned_peaches;säilykepersikat
2856;tinned_pears;säilykepäärynät
2857;tinned_peas;säilykeherneet
2858;tinned_pineapple;säilykeananas
2859;tinned_plums;säilykeluumu
2860;tinned_sweetcorn;säilykemaissi
2861;tinned_tomato;säilyketomaatti
2862;tinsel;hopealanka
2863;tippex;korjauslakka
2864;tissues;nenäliina
2865;toad;rupikonna
2866;toast;paahtoleipä
2867;toaster;leivänpaahdin
2868;today;tänään
2869;toe_nail;varpaankynsi
2870;toilet;vessa
2871;toilet_,_go_to_the;mennä vessaan
2872;toilet_roll;vessapaperirulla
2873;toilets;vessat
2874;tomato;tomaatti
2875;tomato_juice;tomaattimehu
2876;tomato_slice;tomaattiviipale
2877;tomb_1;hautakammio
2878;tomb_2;hautakammio
2879;tomorrow;huomenna
2880;tongs;pihdit
2881;tongue;kieli
2882;tooth;hammas
2883;toothache;hammassärky
2884;toothbrush;hammasharja
2885;toothbrush_electric;sähköhammasharja
2886;toothpaste;hammastahna
2887;top;päällä
2888;top_2;päällä
2889;topsoil;pintamaa
2890;torch;taskulamppu
2891;torch_2;soihtu
2892;torch_3;soihtu
2893;tortoise;kilpikonna
2894;toss_pancake_,_to;heittää räiskälettä
2895;touch_screen;kosketusnäyttö
2896;toupee;hiuslisäke
2897;towel;pyyhe
2898;toy_box;lelulaatikko
2899;toy_car;leluauto
2900;toy_soldier;lelusotilas
2901;toys;leikkikalut
2902;trachea;henkitorvi
2903;tracksuit;verryttelypuku
2904;tractor;traktori
2905;traffic_lights;liikennevalot
2906;train;juna
2907;trainers;lenkkikengät
2908;trampoline;trampoliini
2909;trampoline_,_to;pomppia trampoliinissa
2910;transparent;läpinäkyvä
2911;trap;ansa
2912;trapezium;puolisuunnikas
2913;travel;matkustaa
2914;tray;tarjotin
2915;tree;puu
2916;tree_ornament_chocolate;suklaakoriste
2917;tree_trunk;puun runko
2918;triangle_acute;teräväkulmainen kolmio
2919;triangle_equilateral;tasasivuinen kolmio
2920;triangle_isosceles;tasakylkinen kolmio
2921;triangle_obtuse;tylppäkulmainen kolmio
2922;triangle_right-angled;suorakulmainen kolmio
2923;triangle_scalene;epäsäännöllinen kolmio
2924;trick_or_treat;karkki tai kepponen
2925;tripod;kolmijalka
2926;trousers;housut
2927;trowel;istutuslapio
2928;t-shirt;t-paita
2929;tulip;tulppaani
2930;tuna;tonnikala
2931;turkey;kalkkuna
2932;turkey_2;kalkkuna
2933;turn_down_heat_,_to;vähennä lämpöä
2934;turn_off_light_switch_,_to;sammuta valot
2935;turn_on_light_switch_,_to;valot päälle
2936;turn_up_heat_,_to;lisää lämpöä
2937;turnip;nauris
2938;turtle;kilpikonna
2939;tv_drama;draamasarja
2940;twelve;kaksitoista
2941;twenty;kaksikymmentä
2942;twenty_five_percent;neljäsosa
2943;two;kaksi
2944;two_dots;kaksi pistettä
2945;two_thirds;kaksi kolmasosaa
2946;U;U
2947;u_-_lower_case;u
2948;ugly;ruma
2949;umbrella;sateenvarjo
2950;unbuckle_,_to;avata solki
2951;unbutton_,_to;avata napit
2952;uncle_maternal;eno
2953;uncle_paternal;setä
2954;under_1;alla
2955;underarm;kainalo
2956;underarm_hair;kainalokarvat
2957;underground_sign;metrokyltti
2958;underground_train;metro
2959;undress_,_to;riisua
2960;untie_,_to;avata solmio
2961;up;ylös
2962;upper_arm;olkavarsi
2963;Uranus;Uranus
2964;usb_stick;muistitikku
2965;use_computer_,_to;käyttää tietokonetta
2966;V;V
2967;v_-_lower_case;v
2968;vacuum_cleaner_1;pölynimuri
2969;vacuum_cleaner_2;pölynimuri
2970;vacuum_cleaner_hand_held;rikkaimuri
2971;vagina;emätin
2972;van;pakettiauto
2973;varnish;lakka
2974;vase;vaasi
2975;vegetables;vihannekset
2976;Venus;Venus
2977;vertical_blinds;lamelliverhot
2978;vest;liivi
2979;vice;ruuvipenkki
2980;video_camera;videokamera
2981;video_player;videonauhuri
2982;video_tape;videonauha
2983;vine;viiniköynnös
2984;vinegar;etikka
2985;visitor_1a;vierailja
2986;visitor_1b;vierailja
2987;visor;visiiri
2988;visor_2;visiiri
2989;volleyball;lentopallo
2990;vomit_,_to;oksentaa
2991;vulture;korppikotka
2992;W;W
2993;w_-_lower_case;w
2994;wafer;vohveli
2995;wag_tail_,_to;heiluttaa häntää
2996;wag_tail_2_,_to;heiluttaa häntää
2997;waistcoat;liivit
2998;walk_dog_,_to;kävelyttää koiraa
2999;walking_frame;kävelytuki
3000;walking_stick;kävelykeppi
3001;walkman;walkman
3002;wall;seinä
3003;wallet;lompakko
3004;walnut;saksanpähkinä
3005;walrus;mursu
3006;wardrobe;vaatekaappi
3007;warm_clothes;lämpimät vaatteet
3008;warm_fire;lämmitellä
3009;warning_light;huomiovalo
3010;wash_clothes_,_to;pyykätä
3011;wash_face_,_to;kasvojen pesu
3012;wash_hands_,_to;käsien pesu
3013;wash_up_,_to;peseytyä
3014;wash_vegetables_,_to;huuhdella vihannekset
3015;washing_machine;pesukone
3016;washing_powder;pesuaine
3017;washing_up_bowl;pyykkikori
3018;washing_up_liquid;huuhteluaine
3019;wasp;ampiainen
3020;waste_paper_bin;roskakori
3021;watch;rannekello
3022;water;vesi
3023;water_bottle_hamster;hamsterin vesisäilö
3024;water_bowl;vesikulho
3025;water_pistol;vesipistooli
3026;water_plants_,_to;kastella kasvit
3027;water_table;vesipöytä
3028;watering_can;kastelukannu
3029;watermelon;vesimeloni
3030;waterproof;vedenkestävä
3031;wavy;aaltoileva
3032;weak_link;heikko lenkki
3033;web_address;verkkotunnus
3034;webbed_foot;räpylä
3035;webcam;nettikamera
3036;weeds;rikkaruoho
3037;week;arkipäivät
3038;week_1;viikko
3039;weekend;viikonloppu
3040;weigh_,_to;punnita
3041;wellington_boots;kumisaappaat
3042;west;länsi
3043;wet;märkä
3044;wet_1;märkä
3045;what;mikä
3046;wheelbarrow;kottikärry
3047;wheelchair;pyörätuoli
3048;wheelchair_and_switch_mount;pyörätuoli painikkeella
3049;wheelchair_communication_aid;pyörätuoli ja kommunikointilaite
3050;wheelie_bin;jätesäiliö
3051;wheelie_bin_2;kierrätyspaperisäiliö
3052;wheelie_bin_3;ekoroskis
3053;when;milloin
3054;where;missä
3055;where_1;minne
3056;which;kumpi
3057;whisk;vispilä
3058;whisk_,_to;vispata
3059;whiskers;viiksikarvat
3060;white;valkoinen
3061;whiteboard;valkotaulu
3062;who;kuka
3063;whole;kokonainen
3064;why;miksi
3065;wife;vaimo
3066;wig_1;peruukki
3067;wig_2;peruukki
3068;Wii;Wii
3069;Wii_Fit;Wii Fit
3070;window;ikkuna
3071;windpipe;henkitorvi
3072;wine;viini
3073;wing;siipi
3074;winner;voittaja
3075;winter;talvi
3076;wipe_table_,_to;pyyhkiä pöytä
3077;wire_break;jakorasia
3078;wishbone;toivomusluu
3079;witch;noita
3080;witches_hat;noitahattu
3081;wolf;susi
3082;wood;puu
3083;wood_lathe;sorvi
3084;wooden_spoon;puulusikka
3085;woodstain;petsi
3086;wool;villa
3087;work_,_to;työskennellä
3088;work_book;tehtäväkirja
3089;worksheet;lomake
3090;world;maapallo
3091;worried_lady;huolestunut nainen
3092;worried_man;huolestunut mies
3093;wrap_,_to;paketoida
3094;wrapping_paper;lahjapaperi
3095;wrench;jakoavain
3096;wrinkled;ryppyinen
3097;wrist;ranne
3098;wrong_thought;väärin ajateltu
3099;X;X
3100;x_-_lower_case;x
3101;xray;röntgen
3102;xylophone;ksylofoni
3103;Y;Y
3104;y_-_lower_case;y
3105;yellow;keltainen
3106;yesterday;eilen
3107;yogurt;jogurtti
3108;yorkshire_pudding;yorkshiren vanukas
3109;young;nuori
3110;yo-yo;jojo
3111;yucky;ällöttävä
3112;yule_log;kääretorttu
3113;yummy;herkullista
3114;Z;Z
3115;z_-_lower_case;z
3116;zebra;seepra
3117;zebra_crossing;suojatie
3118;Zero;nolla
3119;zip;vetoketju
3120;arrest_,_to;pidättää
3121;ask_,_to;kysyä
3122;attract_,_to;vetää puoleensa
3123;bend_,_to;kumartua
3124;bend_2_,_to;kumartua
3125;bite_,_to;purra
3126;blink_,_to;räpäyttää
3127;blow_,_to;puhaltaa
3128;blow_kiss_,_to;lentosuukko
3129;bounce_,_to;pomppia
3130;bounce_ball_,_to;pomppia
3131;box_,_to;nyrkkeillä
3132;bring_,_to;tuoda
3133;build_,_to;rakentaa
3134;burn_2_,_to;polttaa
3135;call_out_,_to;kutsua
3136;camp_,_to;leiriytyä
3137;carry_,_to;kantaa
3138;carry_books_,_to;kantaa kirjoja
3139;carve_meat_,_to;paloitella
3140;carve_wood_,_to;veistää
3141;catch_,_to;saada kiinni
3142;catch_2_,_to;saada kiinni
3143;celebrate_1_,_to;juhlia
3144;change_,_to;muuttua
3145;change_clothes_,_to;vaihtaa vaatteet
3146;change_mind_,_to;muuttaa mieltä
3147;change_weather_,_to;säämuutos
3148;chase_,_to;takaa-ajaa
3149;cheat_,_to;luntata
3150;chew_,_to;pureskella
3151;choke_,_to;tukehtua
3152;chop_wood_,_to;pilkkoa
3153;clap_hands_,_to;taputtaa
3154;climb_down_,_to;laskeutua
3155;climb_tree_,_to;kiivetä puuhun
3156;climb_up_,_to;kiivetä
3157;close_,_to;sulkea
3158;close_door_,_to;sulkea ovi
3159;collect_,_to;kerätä
3160;come_,_to;tulla
3161;communicate_,_to;kommunikoida
3162;computer_folder;tiedostokansio
3163;copy_,_to;kopioida
3164;count_,_to;laskea
3165;count_2_,_to;laskea
3166;crawl_,_to;ryömiä
3167;cross_fingers_,_to;ristiä sormet
3168;crouch_,_to;kyykistyä
3169;crumple_paper_,_to;rypistää
3170;cut_,_to;leikata
3171;cut_with_scissors_,_to;saksia
3172;dance_,_to;tanssia
3173;dance_2_,_to;tanssia
3174;dance_3_,_to;tanssia
3175;daydream_,_to;haaveilla
3176;decorate_,_to;maalata
3177;deliver_,_to;toimittaa
3178;deliver_2_,_to;toimittaa
3179;dial_,_to;soittaa
3180;die_,_to;kuolla
3181;dig_,_to;kaivaa
3182;dig_2_,_to;kaivaa
3183;dive_,_to;sukeltaa
3184;download_,_to;ladata
3185;draw_,_to;piirtää
3186;dream_,_to;nähdä unta
3187;drink_2_,_to;juoda
3188;drink_3_,_to;juoda
3189;drip_,_to;tippua
3190;drive_,_to;ajaa autolla
3191;drown_,_to;hukkua
3192;eat_,_to;syödä
3193;eat_1_,_to;syödä
3194;eat_2_,_to;syödä
3195;escape_,_to;paeta
3196;fall_off_,_to;pudota
3197;fall_over_,_to;kaatua
3198;fasten_,_to;kiinnittää
3199;feed_someone_,_to;syöttää
3200;feed_someone_2_,_to;syöttää
3201;fight_,_to;tapella
3202;file_metal_,_to;viilata
3203;file_wood_,_to;viilata
3204;fill_2_,_to;kaataa
3205;find_,_to;löytää 
3206;flip_coin_,_to;heittää kolikkoa
3207;forward_wind;kelaus eteenpäin
3208;fried_breakfast;paistettu aamiainen
3209;get_,_to;saada
3210;get_off_bus_,_to;poistua linja-autosta
3211;get_on_bus_,_to;mennä linja-autoon
3212;get_out_of_chair_,_to;nousta tuolilta
3213;get_up_,_to;nousta ylös
3214;get_up_2_,_to;nousta ylös
3215;give_,_to;antaa
3216;give_up_cake_,_to;luopua herkuista
3217;give_up_foods_,_to;luopua ruuasta
3218;go_,_to;mennä
3219;go_in_,_to;mennä sisään
3220;go_outside_,_to;mennä ulos
3221;go_out_2_,_to;mennä ulos
3222;grab_,_to;tarttua
3223;grab_1_,_to;tarttua
3224;grow_,_to;kasvaa
3225;grow_2_,_to;kasvaa
3226;grow_hair_,_to;kasvattaa hiuksia
3227;grow_hair_2_,_to;kasvattaa hiuksia
3228;guess_,_to;arvata
3229;hang_,_to;roikkua
3230;hang_coat_,_to;naulakko
3231;hatch_,_to;kuoriutua
3232;help_,_to;auttaa
3233;hike_,_to;vaeltaa
3234;hike_2_,_to;vaeltaa
3235;hit_,_to;lyödä
3236;hit_something_,_to;lyödä
3237;hold_,_to;pidellä
3238;hold_hands_,_to;pitää kädestä
3239;hold_sledge_hammer_,_to;pitää lekaa
3240;hop_,_to;hyppiä
3241;hop_2_,_to;hyppiä
3242;hug_,_to;halata
3243;hunt_,_to;metsästää
3244;insert_,_to;sijoittaa
3245;jog_,_to;hölkätä
3246;join_,_to;liittyä
3247;join_2_,_to;liittyä
3248;join_3;liitos
3249;jump_,_to;hypätä
3250;jump_2_,_to;hypätä
3251;keep_,_to;säilöä
3252;kick_ball_,_to;potkaista palloa
3253;kick_person_,_to;potkaista
3254;kick_swimming_,_to;uintipotku
3255;kill_,_to;tappaa
3256;knit_,_to;kutoa
3257;knock_,_to;koputtaa
3258;knock_down_,_to;hajottaa
3259;lie_on_back_,_to;maata
3260;look_,_to;katsoa
3261;make_,_to;valmistaa
3262;meet_,_to;tavata
3263;miss_bus_,_to;myöhästyä
3264;move_,_to;liikkua
3265;nod_,_to;nyökätä
3266;open_,_to;avata
3267;open_2_,_to;avata
3268;open_door_,_to;avata ovi
3269;open_door_1_,_to;avata ovi
3270;open_door_2_,_to;avata ovi
3271;order_1_,_to;tilata
3272;order_2_,_to;komentaa
3273;pack_suitcase_,_to;pakata
3274;paint_,_to;maalata
3275;paint_1_,_to;maalata
3276;paint_2_,_to;maalata
3277;park_,_to;pysäköidä
3278;pat_dog_,_to;silittää
3279;peel_orange_,_to;kuoria
3280;pick_,_to;valita
3281;pick_up_,_to;poimia
3282;plant_,_to;istuttaa
3283;play_,_to;leikkiä
3284;plough_,_to;kyntää
3285;pluck_,_to;nyppiä
3286;post_letter_,_to;postittaa
3287;pour_,_to;kaataa
3288;pray_2_,_to;rukoilla
3289;press_button_,_to;painaa
3290;prop_up_,_to;tukea
3291;protect_,_to;suojella
3292;pull_,_to;vetää
3293;pull_2_,_to;vetää
3294;push_,_to;työntää
3295;push_2_,_to;työntää
3296;push_down_,_to;työntää alas
3297;put_,_to;asettaa
3298;put_away_,_to;laittaa pois
3299;put_in_,_to;laittaa sisään
3300;put_in_cassette_tape_,_to;asettaa kasetti 
3301;put_in_cd_dvd_,_to;asettaa cd levy
3302;put_in_contact_lens_,_to;laittaa piilolinssit
3303;put_on_helmet_,_to;pukea kypärä
3304;put_on_lid_,_to;asettaa kansi
3305;queue_,_to;jonottaa
3306;raise_feet_,_to;nostaa jalat
3307;raise_head_,_to;nostaa pää
3308;rake_2_,_to;haravoida
3309;reach_for_,_to;tavoitella
3310;read_,_to;lukea
3311;read_2_,_to;lukea
3312;read_3_,_to;lukea 
3313;read_book_,_to;lukea kirjaa
3314;receive_,_to;vastaanottaa
3315;relax_,_to;rentoutua
3316;relax_2_,_to;rentoutua
3317;remove_,_to;poistaa
3318;rest_,_to;levätä
3319;return_,_to;palata
3320;return_book_,_to;palauttaa
3321;rewind;kelata taaksepäin
3322;ride_car_,_to;ajaa autoa
3323;ring_bell_,_to;soittaa ovikelloa
3324;ring_doorbell_,_to;soittaa ovikelloa
3325;rinse_,_to;huuhdella
3326;rock_chair_,_to;keinua tuolilla
3327;rollerskate_,_to;rullaluistella
3328;roll_dice_,_to;heittää noppaa
3329;roll_over_,_to;pyöriä
3330;rub_,_to;hieroa
3331;scrub_,_to;hangata
3332;seal_envelope_,_to;sinetöidä 
3333;separate_,_to;erottaa
3334;serve_2_,_to;tarjoilla
3335;set_table_,_to;kattaa
3336;sew_,_to;ommella
3337;shake_,_to;täristä
3338;shake_hands_,_to;kätellä
3339;shake_something_,_to;sekoittaa
3340;share_,_to;jakaa
3341;sharpen_,_to;teroittaa
3342;shoot_,_to;ampua
3343;shout_,_to;huutaa
3344;show_me_,_to;näytä minulle
3345;sign_,_to;viittoa
3346;sing_,_to;laulaa
3347;sink_,_to;upota
3348;sink_2_,_to;upota
3349;sit_,_to;istua
3350;sit_2_,_to;istua
3351;sit_in_beanbag_,_to;istua säkkituolissa
3352;sit_on_floor_,_to;istua lattialla
3353;skate_,_to;luistella
3354;skid_,_to;liukua
3355;skip_,_to;hypätä narua
3356;sleep_female_,_to;nukkua
3357;sleep_male_,_to;nukkua
3358;sleep_on_side_,_to;nukkua kyljellä
3359;slide_,_to;liukastua
3360;slide_backwards_,_to;liukua taaksepäin
3361;slide_forwards_,_to;liukua eteenpäin
3362;smear_,_to;sutata
3363;smile_,_to;hymyillä
3364;sneak_,_to;hiipiä
3365;sort_,_to;järjestää
3366;spell_,_to;tavata
3367;spill_,_to;läikyttää
3368;spin_,_to;pyöriä
3369;spray_,_to;suihkuttaa
3370;squeeze_,_to;puristaa
3371;squirt_,_to;ruiskuttaa
3372;stamp_,_to;talloa
3373;stand_,_to;seisoa
3374;steal_,_to;varastaa
3375;stir_,_to;sekoittaa
3376;stretch_,_to;venyttää
3377;stroke_2_,_to;vetää
3378;study_,_to;opiskella
3379;swim_2_,_to;uida
3380;take_,_to;ottaa
3381;take_care_of_,_to;huolehtia
3382;take_off_lid_,_to;poistaa kansi
3383;take_out_,_to;poistaa
3384;take_picture_,_to;kuvata
3385;talk_1_,_to;puhua
3386;talk_2_,_to;puhua
3387;talk_3_,_to;puhua
3388;talk_4_,_to;puhua
3389;tear_,_to;repiä
3390;telephone_2_,_to;soittaa
3391;telephone_mobile_,_to;soittaa
3392;telephone_mobile_2_,_to;soittaa
3393;think_,_to;ajatella
3394;throw_away_,_to;heittää pois
3395;tickle_,_to;kutittaa
3396;tidy_2_,_to;siistiä
3397;tie_,_to;sitoa
3398;tighten_,_to;kiristää
3399;touch_,_to;koskea
3400;trace_,_to;jäljitellä
3401;transport_car_,_to;siirtää
3402;trim_,_to;leikata
3403;trim_hedge_,_to;leikata
3404;turn_,_to;kääntyä
3405;turn_down_light_,_to;sammuttaa valot
3406;turn_off_,_to;sulkea
3407;turn_on_,_to;käynnistää
3408;turn_up_light_,_to;sytyttää valot
3409;type_,_to;näppäillä
3410;unbutton_2_,_to;avata
3411;unlock_,_to;avata
3412;verbs_collective;verbit
3413;visit_,_to;vierailla
3414;vomit_2_,_to;oksentaa
3415;vote_,_to;äänestää
3416;wait_,_to;odottaa
3417;wait_table_,_to;odottaa pöytää
3418;wake_up_,_to;herätä
3419;walk_,_to;kävellä
3420;walk_downstairs_,_to;alakertaan
3421;walk_upstairs_,_to;yläkertaan
3422;walk_up_to_,_to;kävellä luo
3423;want_,_to;haluta
3424;watch_,_to;katsoa
3425;wear_helmet_,_to;pukea kypärä
3426;weigh_food_,_to;punnita
3427;weigh_person_,_to;punnita
3428;whisper_,_to;kuiskata
3429;wiggle_,_to;heiluttaa sormea
3430;work_2_,_to;työskennellä
3431;wrestle_,_to;painia
3432;write_,_to;kirjoittaa
3433;write_cheque_,_to;kirjoittaa sekki
3434;write_letter_,_to;kirjoittaa kirje
3435;yawn_,_to;haukotella
3436;zoom_,_to;zoomata
